an,ap,ar,as,br,ch,ct,date,dd,dl,dn,ga,gj,hp,hr,jh,jk,ka,kl,la,ld,mh,ml,mn,mp,mz,nl,or,pb,py,rj,sk,status,tg,tn,tr,tt,un,up,ut,wb
0,1,0,0,0,0,0,14-Mar-20,0,7,0,0,0,0,14,0,2,6,19,0,0,14,0,0,0,0,0,0,1,0,3,0,Confirmed,1,1,0,81,0,12,0,0
0,0,0,0,0,0,0,14-Mar-20,0,1,0,0,0,0,0,0,0,0,3,0,0,0,0,0,0,0,0,0,0,0,1,0,Recovered,0,0,0,9,0,4,0,0
0,0,0,0,0,0,0,14-Mar-20,0,1,0,0,0,0,0,0,0,1,0,0,0,0,0,0,0,0,0,0,0,0,0,0,Deceased,0,0,0,2,0,0,0,0
0,0,0,0,0,0,0,15-Mar-20,0,0,0,0,0,0,0,0,0,0,5,0,0,18,0,0,0,0,0,0,0,0,1,0,Confirmed,2,0,0,27,0,1,0,0
0,0,0,0,0,0,0,15-Mar-20,0,1,0,0,0,0,0,0,0,0,0,0,0,0,0,0,0,0,0,0,0,0,2,0,Recovered,1,0,0,4,0,0,0,0
0,0,0,0,0,0,0,15-Mar-20,0,0,0,0,0,0,0,0,0,0,0,0,0,0,0,0,0,0,0,0,0,0,0,0,Deceased,0,0,0,0,0,0,0,0
0,0,0,0,0,0,0,16-Mar-20,0,0,0,0,0,0,0,0,1,1,3,0,0,6,0,0,0,0,0,1,0,1,0,0,Confirmed,1,0,0,15,0,0,1,0
0,0,0,0,0,0,0,16-Mar-20,0,0,0,0,0,0,0,0,0,0,0,0,0,0,0,0,0,0,0,0,0,0,0,0,Recovered,0,1,0,1,0,0,0,0
0,0,0,0,0,0,0,16-Mar-20,0,0,0,0,0,0,0,0,0,0,0,0,0,0,0,0,0,0,0,0,0,0,0,0,Deceased,0,0,0,0,0,0,0,0
0,0,0,0,0,0,0,17-Mar-20,0,1,0,0,0,0,1,0,0,2,0,0,0,3,0,0,0,0,0,0,0,0,0,0,Confirmed,1,0,0,11,0,2,0,1
0,0,0,0,0,0,0,17-Mar-20,0,0,0,0,0,0,0,0,0,0,0,0,0,0,0,0,0,0,0,0,0,0,0,0,Recovered,0,0,0,1,0,1,0,0
0,0,0,0,0,0,0,17-Mar-20,0,0,0,0,0,0,0,0,0,0,0,0,0,1,0,0,0,0,0,0,0,0,0,0,Deceased,0,0,0,1,0,0,0,0
0,0,0,0,0,0,0,18-Mar-20,0,2,0,0,0,0,1,0,1,5,0,8,0,3,0,0,0,0,0,1,1,0,3,0,Confirmed,8,1,0,37,0,2,1,0
0,0,0,0,0,0,0,18-Mar-20,0,0,0,0,0,0,0,0,0,0,0,0,0,0,0,0,0,0,0,0,0,0,0,0,Recovered,0,0,0,0,0,0,0,0
0,0,0,0,0,0,0,18-Mar-20,0,0,0,0,0,0,0,0,0,0,0,0,0,0,0,0,0,0,0,0,0,0,0,0,Deceased,0,0,0,0,0,0,0,0
0,2,0,0,0,1,1,19-Mar-20,0,4,0,0,2,0,1,0,0,1,1,0,0,4,0,0,0,0,0,0,0,0,2,0,Confirmed,3,1,0,27,0,3,1,0
0,0,0,0,0,0,0,19-Mar-20,0,1,0,0,0,0,0,0,0,0,0,0,0,0,0,0,0,0,0,0,0,0,0,0,Recovered,0,0,0,5,0,4,0,0
0,0,0,0,0,0,0,19-Mar-20,0,0,0,0,0,0,0,0,0,0,0,0,0,0,0,0,0,0,0,0,1,0,0,0,Deceased,0,0,0,1,0,0,0,0
0,0,0,0,0,4,0,20-Mar-20,0,6,0,0,5,2,2,0,0,0,12,2,0,4,0,0,4,0,0,0,1,0,8,0,Confirmed,3,0,0,58,0,4,0,1
0,0,0,0,0,0,0,20-Mar-20,0,2,0,0,0,0,0,0,0,1,0,0,0,0,0,0,0,0,0,0,0,0,0,0,Recovered,0,0,0,3,0,0,0,0
0,0,0,0,0,0,0,20-Mar-20,0,0,0,0,0,0,0,0,0,0,0,0,0,0,0,0,0,0,0,0,0,0,0,0,Deceased,0,0,0,0,0,0,0,0
0,2,0,0,0,0,0,21-Mar-20,0,7,0,0,7,0,2,0,0,5,12,3,0,12,0,0,0,0,0,0,10,0,7,0,Confirmed,2,3,0,78,0,4,0,2
0,0,0,0,0,0,0,21-Mar-20,0,0,0,0,0,0,0,0,0,0,0,0,0,0,0,0,0,0,0,0,0,0,0,0,Recovered,0,0,0,0,0,0,0,0
0,0,0,0,0,0,0,21-Mar-20,0,0,0,0,0,0,0,0,0,0,0,0,0,0,0,0,0,0,0,0,0,0,0,0,Deceased,0,0,0,0,0,0,0,0
0,1,0,0,2,1,0,22-Mar-20,0,0,0,0,4,0,0,0,0,6,15,0,0,10,0,0,2,0,0,0,8,0,4,0,Confirmed,6,3,0,67,0,2,0,3
0,0,0,0,0,0,0,22-Mar-20,0,0,0,0,0,0,0,0,0,0,0,0,0,0,0,0,0,0,0,0,0,0,0,0,Recovered,0,0,0,0,0,0,0,0
0,0,0,0,1,0,0,22-Mar-20,0,0,0,0,1,0,0,0,0,0,0,0,0,1,0,0,0,0,0,0,0,0,0,0,Deceased,0,0,0,3,0,0,0,0
0,1,0,0,1,1,0,23-Mar-20,0,3,0,0,12,1,7,0,0,7,28,0,0,23,0,0,0,0,0,0,2,0,4,0,Confirmed,6,3,0,102,0,2,1,0
0,0,0,0,0,0,0,23-Mar-20,0,0,0,0,0,0,11,0,0,1,0,0,0,0,0,0,0,0,0,0,0,0,0,0,Recovered,0,0,0,12,0,0,0,0
0,0,0,0,0,0,0,23-Mar-20,0,0,0,0,0,1,0,0,0,0,0,0,0,0,0,0,0,0,0,0,0,0,0,0,Deceased,0,0,0,2,0,0,0,1
0,1,0,0,0,0,0,24-Mar-20,0,0,0,0,4,0,2,0,2,8,14,0,0,10,0,1,1,0,0,0,6,0,0,0,Confirmed,4,6,0,64,0,3,0,2
0,0,0,0,0,0,0,24-Mar-20,0,1,0,0,0,0,0,0,0,1,1,0,0,0,0,0,0,0,0,0,0,0,0,0,Recovered,0,0,0,5,0,2,0,0
0,0,0,0,0,0,0,24-Mar-20,0,0,0,0,0,0,0,0,0,0,0,0,0,0,0,0,0,0,0,0,0,0,0,0,Deceased,0,1,0,1,0,0,0,0
0,2,0,0,1,0,2,25-Mar-20,0,5,0,3,4,0,1,0,5,10,9,0,0,15,0,0,8,1,0,0,2,0,6,0,Confirmed,4,8,0,90,0,3,1,0
0,1,0,0,0,0,0,25-Mar-20,0,0,0,0,0,0,0,0,1,0,0,0,0,1,0,0,0,0,0,0,0,0,0,0,Recovered,0,0,0,3,0,0,0,0
0,0,0,0,0,0,0,25-Mar-20,0,0,0,0,0,0,0,0,0,0,0,0,0,0,0,0,1,0,0,0,0,0,0,0,Deceased,0,0,0,1,0,0,0,0
1,1,0,0,3,0,3,26-Mar-20,0,1,0,0,5,0,1,0,3,4,19,0,0,3,0,0,5,0,0,1,2,0,2,0,Confirmed,3,3,0,65,0,4,0,1
0,0,0,0,0,0,0,26-Mar-20,0,0,0,0,0,0,0,0,0,0,7,0,0,0,0,0,0,0,0,0,0,0,0,0,Recovered,0,0,0,7,0,0,0,0
0,0,0,0,0,0,0,26-Mar-20,0,0,0,0,2,0,0,0,1,1,0,0,0,1,0,0,0,0,0,0,0,0,0,0,Deceased,0,0,0,5,0,0,0,0
5,2,0,0,2,1,0,27-Mar-20,0,4,0,0,4,0,1,0,6,9,39,0,0,31,0,0,9,0,0,0,5,0,10,0,Confirmed,15,9,0,164,0,7,0,5
0,0,0,0,0,0,0,27-Mar-20,0,0,0,0,0,1,0,0,0,2,0,3,0,18,0,0,0,0,0,0,1,0,0,0,Recovered,0,1,0,26,0,0,0,0
0,0,0,0,0,0,0,27-Mar-20,0,0,0,0,0,0,0,0,0,1,0,0,0,1,0,0,1,0,0,0,0,0,0,0,Deceased,0,0,0,3,0,0,0,0
3,6,0,0,2,0,1,28-Mar-20,0,9,0,0,8,0,2,0,13,17,6,0,0,30,0,0,10,0,0,0,0,0,4,0,Confirmed,8,4,0,143,0,16,1,3
0,0,0,0,0,0,0,28-Mar-20,0,0,0,0,0,1,0,0,0,0,1,0,0,6,0,0,0,0,0,0,0,0,0,0,Recovered,0,0,0,9,0,0,1,0
0,0,0,0,0,0,0,28-Mar-20,0,0,0,0,1,0,0,0,0,0,1,0,0,2,0,0,0,0,0,0,0,0,0,0,Deceased,1,0,0,5,0,0,0,0
0,2,0,0,4,0,0,29-Mar-20,0,23,0,2,8,0,0,0,5,2,20,0,0,17,0,0,0,0,0,0,0,0,5,0,Confirmed,3,8,0,110,0,7,1,3
0,0,0,0,0,0,0,29-Mar-20,0,0,0,0,1,0,0,0,0,0,4,0,0,0,0,0,0,0,0,0,0,0,0,0,Recovered,0,0,0,5,0,0,0,0
0,0,0,0,0,0,0,29-Mar-20,0,1,0,0,1,0,0,0,0,0,0,0,0,1,0,0,0,0,0,0,0,0,0,0,Deceased,0,0,0,3,0,0,0,0
1,2,0,0,0,5,1,30-Mar-20,0,25,0,0,7,0,1,0,11,5,32,0,0,17,0,0,8,0,0,0,3,0,20,0,Confirmed,7,17,0,187,0,24,0,1
0,0,0,0,0,0,0,30-Mar-20,0,0,0,0,2,0,6,0,0,1,4,0,0,14,0,0,0,0,0,0,0,0,0,0,Recovered,13,2,0,49,0,6,1,0
0,0,0,0,0,0,0,30-Mar-20,0,0,0,0,1,0,0,0,0,0,0,0,0,2,0,0,2,0,0,0,2,0,0,0,Deceased,5,0,0,13,0,0,0,1
0,21,0,1,6,2,1,31-Mar-20,0,23,0,0,4,0,7,1,6,13,7,0,0,82,0,0,19,0,0,1,1,0,14,0,Confirmed,20,57,0,309,0,8,0,15
0,0,0,0,0,0,2,31-Mar-20,0,0,0,0,2,0,0,0,0,2,4,0,0,0,0,0,0,0,0,0,0,0,0,0,Recovered,0,2,0,15,0,0,0,3
0,0,0,0,0,0,0,31-Mar-20,0,0,0,0,0,0,0,0,1,0,1,0,0,1,0,0,1,0,0,0,1,0,0,0,Deceased,0,0,0,6,0,0,0,1
0,67,0,15,3,2,0,01-Apr-20,0,32,0,0,13,0,0,0,7,9,24,0,0,33,0,0,32,0,0,1,4,2,27,0,Confirmed,30,110,0,424,0,13,0,0
0,1,0,0,0,0,0,01-Apr-20,0,0,0,0,0,0,10,0,1,1,2,0,0,0,0,0,0,0,0,1,0,0,0,0,Recovered,0,0,0,16,0,0,0,0
0,0,0,0,0,0,0,01-Apr-20,0,0,0,0,0,0,0,0,0,0,0,0,0,3,0,0,1,0,0,0,0,0,0,0,Deceased,3,0,0,9,0,2,0,0
0,38,1,0,5,1,0,02-Apr-20,0,141,0,0,1,3,6,1,8,14,21,0,0,88,0,1,9,0,0,0,1,2,13,0,Confirmed,27,75,0,486,0,11,3,16
0,0,0,0,3,0,1,02-Apr-20,0,2,0,0,5,0,0,0,1,2,2,0,0,3,0,0,0,0,0,0,0,0,0,0,Recovered,3,0,0,22,0,0,0,0
0,0,0,0,0,0,0,02-Apr-20,0,2,0,0,1,0,0,0,0,0,0,0,0,8,0,0,2,0,0,0,1,0,0,0,Deceased,0,0,0,14,0,0,0,0
0,15,0,7,2,0,0,03-Apr-20,0,93,0,1,7,0,9,0,5,4,9,1,0,64,0,0,47,0,0,15,6,0,46,0,Confirmed,75,102,0,560,0,46,6,0
0,0,0,0,0,0,0,03-Apr-20,0,0,0,0,0,0,0,0,0,0,14,0,0,8,0,0,0,0,0,1,0,0,0,0,Recovered,15,0,0,38,0,0,0,0
0,1,0,0,0,0,0,03-Apr-20,0,2,0,0,2,1,0,0,0,1,0,0,0,5,0,0,0,0,0,0,0,0,0,0,Deceased,2,0,0,14,0,0,0,0
0,28,0,3,1,0,1,04-Apr-20,0,59,0,1,13,7,26,0,17,16,11,0,0,148,0,0,25,0,0,1,12,0,27,0,Confirmed,43,74,0,579,0,60,6,0
0,0,0,0,0,3,0,04-Apr-20,0,8,0,0,3,0,1,0,0,0,8,0,0,2,0,0,0,0,0,0,2,0,22,0,Recovered,1,2,0,56,0,4,0,0
0,0,0,0,0,0,0,04-Apr-20,0,0,0,0,1,0,0,0,0,0,0,0,0,6,0,0,3,0,0,0,0,0,1,0,Deceased,0,2,0,13,0,0,0,0
0,64,0,0,0,0,0,05-Apr-20,0,58,0,0,20,1,6,1,14,7,8,0,0,112,0,0,14,0,0,18,3,0,60,0,Confirmed,62,86,0,609,0,44,4,27
0,3,0,0,0,2,5,05-Apr-20,0,0,0,0,8,0,0,0,1,1,6,0,0,4,0,0,3,0,0,0,1,0,0,0,Recovered,0,0,0,43,0,0,2,7
0,0,0,0,0,0,0,05-Apr-20,0,1,0,0,1,0,0,0,0,0,0,0,0,13,0,0,2,0,0,0,2,0,0,0,Deceased,0,2,0,22,0,1,0,0
0,47,0,0,0,0,0,06-Apr-20,0,22,0,0,18,4,20,1,3,12,13,0,0,121,0,0,63,0,0,1,11,0,35,0,Confirmed,30,50,1,484,0,27,5,0
0,0,0,0,6,0,0,06-Apr-20,0,0,0,0,1,0,0,0,0,8,3,7,0,14,0,1,8,0,0,0,0,0,0,0,Recovered,12,5,0,65,0,0,0,0
0,2,0,0,0,0,0,06-Apr-20,0,0,0,0,1,0,2,0,0,0,0,0,0,7,0,0,2,0,0,0,0,0,1,0,Deceased,0,1,0,16,0,0,0,0
0,11,0,2,6,0,0,07-Apr-20,0,51,0,0,29,9,33,0,16,12,9,0,0,150,0,0,34,0,0,2,20,0,42,0,Confirmed,40,69,0,572,0,27,0,11
0,0,0,0,6,2,1,07-Apr-20,0,4,0,0,3,1,2,0,0,5,12,0,0,9,0,0,10,0,0,0,10,1,0,0,Recovered,0,6,0,75,0,0,0,3
0,1,0,0,0,0,0,07-Apr-20,0,2,0,0,2,0,0,0,1,0,0,0,0,12,0,0,6,0,0,1,1,0,0,0,Deceased,0,1,0,27,0,0,0,0
1,34,0,0,1,0,0,08-Apr-20,0,93,0,0,11,0,24,0,33,6,9,0,0,117,0,0,51,0,0,0,7,0,40,0,Confirmed,49,48,0,565,0,29,4,8
0,1,0,0,0,0,0,08-Apr-20,0,1,0,0,0,0,1,0,2,3,13,0,0,38,0,0,4,0,0,0,0,0,20,0,Recovered,0,2,0,96,0,10,1,0
0,0,0,0,0,0,0,08-Apr-20,0,0,0,0,2,0,0,0,0,1,0,0,0,8,0,0,3,0,0,0,1,0,1,0,Deceased,0,1,0,20,0,1,0,2
0,15,0,1,19,0,8,09-Apr-20,0,51,0,0,76,1,3,9,26,16,12,0,0,229,0,0,70,0,0,6,24,0,80,0,Confirmed,18,96,0,813,0,49,0,4
10,4,0,0,0,0,0,09-Apr-20,0,4,0,0,1,0,0,0,0,2,13,0,0,8,0,0,0,0,0,0,4,0,15,0,Recovered,0,6,0,70,0,0,0,3
0,2,0,0,0,0,0,09-Apr-20,0,3,0,0,2,0,0,1,1,1,0,0,0,25,0,0,9,0,0,0,1,0,0,0,Deceased,1,0,0,46,0,0,0,0
0,18,0,0,2,1,0,10-Apr-20,0,183,0,0,116,0,6,1,23,10,7,1,0,210,0,0,40,0,0,2,21,2,98,0,Confirmed,16,77,1,871,0,23,0,13
0,0,0,0,0,0,0,10-Apr-20,0,2,0,1,7,0,4,0,0,4,27,1,0,63,0,0,12,0,0,10,2,0,0,0,Recovered,0,17,0,151,0,1,0,0
0,0,0,1,0,0,0,10-Apr-20,0,2,0,0,1,0,0,0,0,0,0,0,0,12,0,0,4,0,0,0,1,0,0,0,Deceased,0,1,0,22,0,0,0,0
0,24,0,0,4,0,7,11-Apr-20,0,166,0,0,90,4,3,3,17,8,10,0,0,187,0,0,78,0,0,4,7,0,139,0,Confirmed,16,58,0,854,0,19,0,10
0,0,0,0,0,0,0,11-Apr-20,0,0,0,4,11,6,0,0,0,5,19,0,0,20,0,0,1,0,0,0,0,0,56,0,Recovered,51,0,0,186,0,13,0,0
0,0,0,0,0,0,0,11-Apr-20,0,5,0,0,3,0,0,0,0,0,1,0,0,17,0,0,4,0,0,0,1,0,6,0,Deceased,2,1,0,40,0,1,0,0
0,15,0,1,0,2,6,12-Apr-20,0,85,0,0,48,0,16,2,21,17,2,0,0,221,0,0,33,0,0,0,12,0,104,0,Confirmed,28,106,0,758,0,31,0,8
0,2,0,0,11,0,1,12-Apr-20,0,1,0,0,0,4,8,0,0,15,36,0,0,9,0,0,3,0,0,0,3,0,5,0,Recovered,7,6,0,114,0,0,0,3
0,1,0,0,0,0,0,12-Apr-20,0,5,0,0,2,0,1,1,0,0,0,0,0,22,0,0,3,0,0,0,0,0,2,0,Deceased,2,1,0,42,0,0,0,2
0,19,0,2,2,0,0,13-Apr-20,0,356,0,0,56,0,1,5,25,15,3,2,0,352,1,0,52,0,0,1,6,0,93,0,Confirmed,61,98,0,1243,0,75,0,18
0,0,0,0,2,0,0,13-Apr-20,0,3,0,0,10,0,7,0,10,6,19,1,0,12,0,0,10,0,0,6,2,0,0,0,Recovered,0,8,0,112,0,4,2,10
0,0,0,0,0,0,0,13-Apr-20,0,4,0,0,2,0,0,0,0,2,0,0,0,11,0,0,7,0,0,0,0,0,0,0,Deceased,1,0,0,27,0,0,0,0
0,45,0,1,0,0,2,14-Apr-20,0,51,0,0,78,1,2,3,8,13,8,0,0,346,0,0,127,0,0,5,8,0,108,0,Confirmed,52,31,0,1031,0,102,2,38
0,4,0,0,1,0,3,14-Apr-20,0,0,0,0,5,1,4,0,14,11,13,0,0,30,0,0,13,0,0,0,2,0,26,0,Recovered,7,23,0,167,0,1,2,7
0,4,0,0,0,0,0,14-Apr-20,0,2,0,0,2,0,0,0,0,2,0,0,0,18,0,0,3,0,0,0,1,0,0,0,Deceased,1,1,0,37,0,3,0,0
0,41,0,0,6,0,0,15-Apr-20,0,17,0,0,116,2,6,1,22,19,1,1,0,236,6,0,197,0,0,0,2,0,71,0,Confirmed,6,38,0,886,0,75,0,23
0,4,1,2,0,2,4,15-Apr-20,0,10,0,1,5,0,2,0,6,9,7,0,0,36,0,0,0,0,0,1,0,0,0,0,Recovered,8,37,1,144,0,7,0,1
0,3,0,0,0,0,0,15-Apr-20,0,2,0,0,5,0,0,0,0,2,0,0,0,9,1,0,0,0,0,0,0,0,0,0,Deceased,0,2,0,27,0,3,0,0
0,9,0,2,11,0,3,16-Apr-20,0,62,0,0,163,0,11,1,14,36,7,0,0,285,2,0,226,0,0,0,11,0,55,0,Confirmed,50,25,0,1061,0,70,0,18
1,0,0,3,8,0,6,16-Apr-20,0,11,0,0,9,3,8,0,2,2,27,2,0,5,0,0,6,0,0,0,2,0,17,0,Recovered,68,62,0,258,0,11,0,5
0,0,0,0,0,0,0,16-Apr-20,0,6,0,0,3,0,0,0,0,1,0,0,0,7,0,0,2,0,0,0,1,0,0,0,Deceased,0,1,0,26,0,2,0,3
1,38,0,0,2,0,0,17-Apr-20,0,67,0,0,170,3,8,3,14,44,1,0,0,120,0,0,146,0,0,0,14,0,98,0,Confirmed,66,56,0,922,0,44,3,24
0,15,0,4,0,0,1,17-Apr-20,0,20,0,0,13,0,21,0,4,6,10,0,0,31,0,0,0,0,0,2,1,0,19,0,Recovered,0,103,0,273,0,14,0,9
0,0,0,0,0,0,0,17-Apr-20,0,4,0,0,5,0,0,0,1,0,0,0,0,7,0,0,14,0,0,0,0,0,6,0,Deceased,0,0,0,38,0,1,0,0
2,31,0,0,1,2,0,18-Apr-20,0,186,0,0,277,1,9,1,13,25,4,0,0,327,2,0,92,0,0,1,23,0,122,0,Confirmed,43,49,0,1371,0,126,2,32
0,7,0,3,5,0,1,18-Apr-20,0,135,0,0,7,0,14,0,9,16,2,0,0,34,0,0,57,0,0,3,1,3,17,0,Recovered,0,82,0,426,0,26,0,4
0,2,0,0,1,0,0,18-Apr-20,0,1,0,0,12,0,0,0,0,1,0,0,0,10,0,0,0,0,0,0,2,0,4,0,Deceased,0,0,0,35,0,0,0,2
1,44,0,0,10,3,0,19-Apr-20,0,110,0,0,367,0,18,8,13,6,2,0,0,552,0,0,5,0,0,0,10,0,127,0,Confirmed,49,105,0,1580,0,125,2,23
0,23,0,5,0,4,0,19-Apr-20,0,83,0,1,12,0,4,0,5,7,13,0,0,142,0,0,4,0,0,0,6,0,5,0,Recovered,0,46,0,388,0,19,2,7
0,1,0,0,0,0,0,19-Apr-20,0,2,0,0,10,0,0,0,0,2,0,0,0,12,0,0,3,0,0,0,0,0,2,0,Deceased,3,0,0,38,0,3,0,0
1,75,0,0,17,0,0,20-Apr-20,0,78,0,0,196,0,1,5,14,18,6,0,0,466,0,0,78,0,0,13,1,0,98,0,Confirmed,14,43,0,1239,0,84,2,29
0,27,0,2,0,1,0,20-Apr-20,0,141,0,0,26,0,37,4,15,1,21,0,0,65,0,1,7,0,0,0,1,0,0,0,Recovered,0,46,0,419,0,13,7,4
0,3,0,0,0,0,0,20-Apr-20,0,2,0,0,8,0,0,0,0,0,0,0,0,9,0,0,4,0,0,0,0,0,2,0,Deceased,2,2,0,33,0,1,0,0
1,35,0,0,13,1,0,21-Apr-20,0,75,0,0,239,0,4,0,12,10,19,0,0,552,1,0,67,0,0,5,6,0,159,0,Confirmed,56,76,0,1537,0,153,0,53
0,4,0,0,0,0,0,21-Apr-20,0,180,0,0,8,0,6,0,10,17,16,0,0,150,0,0,10,0,0,6,11,0,69,0,Recovered,8,178,0,703,0,22,1,7
0,2,0,0,0,0,0,21-Apr-20,0,0,0,0,19,0,0,0,0,1,0,0,0,19,0,0,4,0,0,0,0,0,1,0,Deceased,0,1,0,53,0,3,0,3
1,56,0,0,17,0,0,22-Apr-20,0,92,0,0,229,0,9,0,27,9,11,0,0,431,0,0,35,0,0,4,27,0,153,0,Confirmed,15,33,0,1292,0,112,0,31
0,24,0,0,0,0,3,22-Apr-20,0,113,0,0,40,0,11,0,11,2,1,0,0,67,0,0,4,0,0,2,4,0,70,0,Recovered,0,27,0,394,0,11,4,0
0,2,0,0,0,0,0,22-Apr-20,0,1,0,0,13,0,0,0,0,0,0,0,0,18,0,0,0,0,0,0,0,0,1,0,Deceased,1,0,0,36,0,0,0,0
4,80,0,1,27,0,0,23-Apr-20,0,128,0,0,217,1,6,7,27,18,10,0,0,778,0,0,100,0,0,6,5,0,76,0,Confirmed,27,54,0,1667,0,61,1,33
0,21,0,0,2,0,2,23-Apr-20,0,84,0,0,79,2,12,4,0,14,8,2,0,51,0,0,51,0,0,1,13,0,107,0,Recovered,58,90,1,642,0,33,1,6
0,3,0,0,0,0,0,23-Apr-20,0,2,0,0,9,0,0,1,0,0,0,0,0,14,0,0,3,0,0,0,1,0,1,0,Deceased,1,2,0,40,0,3,0,0
7,62,0,0,53,0,0,24-Apr-20,0,138,0,0,191,0,5,6,20,29,3,0,0,390,0,0,159,0,0,5,15,0,70,0,Confirmed,13,72,0,1408,0,111,1,58
0,4,0,0,0,1,0,24-Apr-20,0,49,0,0,7,0,16,0,17,7,15,0,0,117,0,0,7,0,0,0,4,0,42,0,Recovered,39,114,0,484,0,20,1,24
0,2,0,0,0,0,0,24-Apr-20,0,3,0,0,15,0,0,0,0,1,1,0,0,18,0,0,9,0,0,0,0,0,4,0,Deceased,0,2,0,59,0,1,0,3
4,61,0,0,28,1,1,25-Apr-20,0,111,0,0,256,0,12,8,40,26,7,2,0,811,0,0,99,0,0,6,10,1,49,0,Confirmed,7,66,0,1835,0,172,0,57
0,26,0,0,1,0,2,25-Apr-20,0,12,0,0,17,4,5,0,3,6,7,0,0,119,0,0,71,0,0,1,2,0,20,0,Recovered,16,94,0,442,0,35,1,0
0,2,0,0,0,0,0,25-Apr-20,0,1,0,0,6,0,0,0,1,0,0,0,0,22,0,0,7,0,0,0,0,0,2,0,Deceased,0,1,0,44,0,2,0,0
0,81,0,0,26,8,0,26-Apr-20,0,293,0,0,230,0,9,15,29,3,11,0,0,440,0,0,145,0,0,3,14,0,102,0,Confirmed,11,64,0,1607,0,80,3,40
0,60,0,8,11,2,0,26-Apr-20,0,8,0,0,31,0,8,5,25,24,4,0,0,112,0,0,21,0,0,1,12,0,116,0,Recovered,9,60,0,585,0,66,0,2
0,0,0,0,0,0,0,26-Apr-20,0,0,0,0,18,0,0,0,0,1,0,0,0,19,0,0,4,0,0,0,1,0,7,0,Deceased,0,1,0,56,0,3,0,2
0,80,0,0,69,9,0,27-Apr-20,0,190,0,0,247,0,5,21,23,9,13,0,0,522,0,0,75,0,0,15,8,0,77,0,Confirmed,2,52,0,1568,0,113,0,38
0,4,0,0,0,0,0,27-Apr-20,0,0,0,0,81,3,14,4,27,11,13,0,0,94,0,0,55,0,0,2,14,1,115,0,Recovered,16,54,0,580,0,72,0,0
0,0,0,0,0,0,0,27-Apr-20,0,0,0,0,11,0,0,0,1,1,0,0,0,27,0,0,7,0,0,0,1,0,9,0,Deceased,0,0,0,58,0,1,0,0
0,82,0,2,20,11,1,28-Apr-20,0,206,0,0,226,0,7,2,19,11,4,2,0,728,0,0,222,0,0,0,12,0,102,0,Confirmed,6,121,0,1902,0,67,3,48
4,23,0,0,8,0,2,28-Apr-20,0,201,0,0,40,0,11,2,12,14,4,0,0,106,0,0,16,0,0,1,3,0,26,0,Recovered,42,54,0,636,0,63,0,4
0,0,0,0,0,0,0,28-Apr-20,0,0,0,0,19,0,0,0,1,0,0,0,0,31,0,0,10,0,0,0,0,0,2,0,Deceased,0,1,0,69,0,3,0,2
0,73,0,0,37,12,0,29-Apr-20,0,125,0,0,308,0,3,2,16,12,10,0,0,597,0,0,173,0,0,7,33,0,76,0,Confirmed,7,104,0,1705,0,81,1,28
0,29,0,2,0,0,0,29-Apr-20,0,14,0,0,93,0,1,0,16,9,10,1,0,205,0,0,88,0,0,1,0,0,44,0,Recovered,35,82,0,690,0,48,2,10
0,0,0,0,0,0,0,29-Apr-20,0,2,0,0,16,0,0,0,0,1,0,0,0,32,0,0,10,0,0,0,0,0,3,0,Deceased,0,2,0,71,0,5,0,0
0,71,0,5,22,6,2,30-Apr-20,0,76,0,0,313,0,28,3,33,30,2,0,0,583,0,0,65,0,0,18,105,0,144,0,Confirmed,22,161,1,1802,0,77,2,33
1,34,0,0,20,1,2,30-Apr-20,0,2,0,0,86,3,10,0,24,13,14,0,0,180,0,0,21,0,0,2,3,0,79,0,Recovered,33,48,0,630,0,41,8,5
0,0,0,0,0,0,0,30-Apr-20,0,3,0,0,17,0,1,0,0,1,0,0,0,27,0,0,7,0,0,0,1,0,3,0,Deceased,3,0,0,75,0,1,0,11
0,60,0,0,41,14,3,01-May-20,0,223,0,0,326,0,18,3,25,24,0,0,0,1008,0,0,90,0,0,11,105,0,82,0,Confirmed,6,203,0,2396,0,117,0,37
0,82,0,4,14,0,0,01-May-20,0,73,0,0,123,2,6,2,31,22,9,0,0,106,10,0,42,0,0,14,4,0,223,0,Recovered,22,54,0,962,0,103,1,15
0,2,0,0,1,0,0,01-May-20,0,2,0,0,22,0,0,0,0,0,0,0,0,26,0,0,8,0,0,0,0,0,4,0,Deceased,0,1,0,77,0,2,1,8
0,62,0,0,15,6,0,02-May-20,0,384,0,0,333,0,19,2,27,12,2,1,0,790,0,0,73,0,0,6,187,1,106,0,Confirmed,17,231,2,2564,0,159,2,127
10,38,0,0,19,1,0,02-May-20,0,89,0,0,160,3,1,1,7,20,8,0,0,121,0,0,100,0,0,1,4,0,126,0,Recovered,35,29,0,831,0,44,2,12
0,0,0,0,1,0,0,02-May-20,0,3,0,0,26,0,1,0,0,3,0,0,0,36,0,0,6,0,0,0,0,0,6,0,Deceased,1,1,0,92,0,1,0,7
0,58,0,0,36,3,14,03-May-20,0,427,0,0,374,0,66,0,35,13,0,19,0,678,0,0,49,0,0,2,330,0,114,0,Confirmed,21,266,12,2952,0,158,1,276
6,47,0,0,7,0,0,03-May-20,0,106,0,0,146,1,3,5,33,22,1,0,0,115,0,0,174,0,0,4,5,1,114,0,Recovered,46,38,0,911,0,56,0,-19
0,0,0,0,0,1,0,03-May-20,0,0,0,0,28,0,0,0,0,0,0,0,0,27,0,0,5,0,0,0,1,0,3,0,Deceased,0,1,0,140,0,0,0,74
0,67,0,0,11,5,1,04-May-20,0,349,0,0,376,1,75,0,25,37,0,0,0,1567,0,0,105,0,0,7,130,0,175,0,Confirmed,3,527,13,3656,0,121,0,61
0,36,0,0,3,2,0,04-May-20,0,69,0,0,153,0,9,0,16,28,61,0,0,350,0,0,58,0,0,0,11,0,82,0,Recovered,40,30,0,1082,0,48,0,86
0,0,0,0,0,0,0,04-May-20,0,0,0,0,29,0,1,0,0,2,0,0,0,35,0,0,9,0,0,0,2,0,6,0,Deceased,0,1,0,103,0,7,0,11
0,67,0,2,7,17,1,05-May-20,0,206,1,0,441,1,31,10,15,22,3,0,0,984,0,0,107,0,0,8,219,0,97,0,Confirmed,11,508,13,2971,0,114,1,85
0,65,0,0,31,0,0,05-May-20,0,37,0,0,186,0,2,6,17,10,0,0,0,354,0,0,144,1,0,0,5,0,87,0,Recovered,43,76,0,1295,0,185,0,46
0,1,0,0,0,0,0,05-May-20,0,0,0,0,49,1,0,0,0,2,0,0,0,34,0,0,11,0,0,1,2,0,12,0,Deceased,0,2,0,128,0,6,0,7
0,60,0,1,7,5,0,06-May-20,0,428,0,0,380,1,46,2,34,20,0,0,0,1233,0,0,89,0,0,28,75,0,159,0,Confirmed,11,771,22,3602,0,118,0,112
0,140,0,2,0,0,0,06-May-20,0,74,0,0,119,0,4,4,2,23,7,0,0,275,0,0,99,0,0,1,2,0,214,0,Recovered,20,31,0,1161,0,143,0,1
0,2,0,0,0,0,0,06-May-20,0,1,0,0,28,0,1,0,0,0,0,0,0,34,0,0,9,0,0,0,2,0,4,0,Deceased,0,2,0,91,0,4,0,4
0,56,0,8,8,11,0,07-May-20,0,448,0,0,388,3,31,5,18,12,0,0,0,1216,0,0,114,0,0,14,118,0,110,0,Confirmed,15,580,24,3344,0,73,0,92
1,51,0,0,60,0,0,07-May-20,0,389,0,0,209,0,0,4,13,12,5,0,0,207,0,0,132,0,0,1,14,0,150,0,Recovered,45,31,0,1475,0,120,0,31
0,2,0,0,1,0,0,07-May-20,0,1,0,0,29,0,0,0,1,1,0,0,0,43,0,0,8,0,0,0,1,0,6,0,Deceased,0,2,0,104,0,2,0,7
0,54,0,6,29,11,0,08-May-20,0,338,0,0,390,4,22,22,30,48,1,0,0,1089,0,0,89,0,0,51,87,1,152,0,Confirmed,10,600,30,3339,0,143,2,130
0,62,0,0,49,0,2,08-May-20,0,89,0,0,163,0,19,0,29,10,10,1,0,169,0,0,118,0,0,1,3,2,122,0,Recovered,34,58,0,1111,0,137,6,27
0,3,0,1,0,1,0,08-May-20,0,2,0,0,24,0,1,0,0,0,0,0,0,37,0,0,7,0,0,0,1,0,4,0,Deceased,0,3,0,97,0,4,0,9
0,43,0,2,32,23,0,09-May-20,0,224,0,0,394,2,28,2,13,41,2,0,0,1165,1,0,116,0,0,82,31,0,129,0,Confirmed,31,526,17,3175,0,159,4,108
0,45,0,0,51,3,5,09-May-20,0,0,0,0,219,1,11,37,4,10,1,0,0,330,0,0,131,0,0,5,5,0,151,0,Recovered,24,219,0,1414,0,112,1,49
0,3,0,-1,0,0,0,09-May-20,0,0,0,0,23,0,1,0,0,0,0,0,0,48,0,0,11,0,0,1,2,0,3,0,Deceased,1,4,0,115,0,8,0,11
0,50,0,1,96,4,0,10-May-20,0,381,0,0,398,6,28,1,25,54,7,0,0,1943,0,0,157,0,0,25,61,2,106,0,Confirmed,33,669,16,4311,0,94,1,153
0,38,0,0,36,0,6,10-May-20,0,49,0,0,454,0,10,0,15,36,4,3,0,399,0,0,196,0,0,0,9,1,79,0,Recovered,0,135,0,1669,0,154,0,45
0,1,0,0,1,1,0,10-May-20,0,5,0,0,21,0,1,0,0,1,0,0,0,53,0,0,4,0,0,0,0,0,2,0,Deceased,0,3,0,112,0,5,0,14
0,38,0,2,42,8,0,11-May-20,0,310,0,0,347,1,27,4,18,14,7,0,0,1230,0,0,171,0,0,38,54,0,174,0,Confirmed,79,798,0,3592,0,106,0,124
0,73,0,5,23,4,4,11-May-20,0,60,0,0,235,0,37,0,44,4,0,1,0,587,0,0,71,0,0,17,2,0,83,0,Recovered,50,92,0,1579,0,105,0,82
0,0,0,0,0,0,0,11-May-20,0,0,0,0,20,0,1,0,1,0,0,0,0,36,0,0,6,0,0,0,0,0,5,0,Deceased,0,6,0,81,0,1,0,5
0,71,0,0,130,6,0,12-May-20,0,406,0,0,362,8,50,11,55,63,5,0,0,1026,0,0,201,0,0,22,37,0,138,0,Confirmed,51,716,2,3562,0,91,1,110
0,58,0,0,5,2,1,12-May-20,0,383,1,0,466,0,5,1,28,7,0,0,0,339,0,0,113,0,0,31,3,0,130,0,Recovered,21,83,0,1905,0,115,0,113
0,1,0,0,0,0,0,12-May-20,0,13,0,0,24,0,0,0,0,0,0,0,0,53,0,0,4,0,0,0,1,0,4,0,Deceased,2,8,0,120,0,2,0,8
0,48,0,15,74,4,0,13-May-20,0,359,0,0,364,1,13,5,37,34,10,1,0,1495,0,0,187,0,0,101,10,1,202,0,Confirmed,41,509,1,3726,0,94,3,117
0,86,0,0,18,0,1,13-May-20,0,346,0,0,316,0,76,8,11,18,1,0,0,422,1,0,144,0,0,27,29,0,119,0,Recovered,117,41,0,1963,0,92,0,90
0,1,0,0,1,0,0,13-May-20,0,20,0,0,29,0,0,0,1,2,0,0,0,54,0,0,7,0,0,0,0,0,4,0,Deceased,2,3,0,137,0,4,0,9
0,68,0,7,46,0,1,14-May-20,0,472,0,8,324,6,25,26,12,28,26,0,0,1602,0,1,253,0,0,134,11,3,206,0,Confirmed,47,447,1,3991,0,144,6,87
0,50,0,0,12,7,1,14-May-20,0,187,0,0,191,0,21,0,19,9,3,0,0,542,0,0,167,0,0,15,23,0,65,0,Recovered,13,65,27,1594,0,107,4,66
0,1,0,0,0,0,0,14-May-20,0,9,0,0,20,0,0,0,0,2,0,0,0,44,0,0,5,0,0,0,0,0,4,0,Deceased,0,2,0,97,0,2,0,8
0,102,0,3,34,0,6,15-May-20,0,425,0,0,340,2,36,8,30,69,16,0,0,1576,0,0,169,0,0,65,-3,0,213,0,Confirmed,40,434,0,3808,0,155,4,84
0,60,0,1,28,3,0,15-May-20,0,473,0,0,282,0,25,10,28,20,0,2,0,475,0,0,112,0,0,8,82,0,91,0,Recovered,7,359,13,2234,0,93,1,61
0,0,0,0,0,0,0,15-May-20,0,8,0,0,20,0,2,0,0,1,0,0,0,49,0,0,2,0,0,0,0,0,0,0,Deceased,0,5,0,104,0,7,0,10
0,48,0,3,145,0,1,16-May-20,0,438,0,5,1057,2,33,6,108,36,11,0,0,1606,0,4,195,0,0,0,14,1,213,0,Confirmed,55,477,11,4794,0,201,9,115
0,101,0,0,33,11,2,16-May-20,0,408,0,0,273,4,50,16,29,16,4,0,0,524,0,0,32,0,0,30,952,0,215,0,Recovered,12,939,22,4012,0,276,0,63
0,1,0,0,1,0,0,16-May-20,0,6,0,0,19,0,0,0,1,0,0,0,0,67,0,0,4,0,0,0,0,0,1,0,Deceased,0,4,0,120,0,9,0,7
0,25,0,8,142,0,18,17-May-20,0,422,0,9,391,2,23,6,62,55,14,0,0,2347,0,0,187,0,0,91,18,0,242,0,Confirmed,42,639,-2,5049,0,206,1,101
0,103,0,1,0,0,1,17-May-20,0,276,0,0,191,1,48,0,33,13,0,0,0,600,0,0,88,0,0,24,109,0,111,0,Recovered,21,634,21,2538,0,195,1,67
0,1,0,0,0,0,0,17-May-20,0,19,0,0,34,0,1,0,1,1,0,0,0,63,0,0,5,0,0,1,3,0,5,0,Deceased,0,4,0,152,0,8,0,6
0,52,0,15,103,5,10,18-May-20,0,299,0,9,366,10,18,5,106,99,29,0,0,2005,0,0,259,0,0,48,16,0,305,0,Confirmed,41,536,0,4628,0,141,4,147
0,96,0,0,44,3,0,18-May-20,0,283,0,0,305,2,36,14,34,21,0,19,0,749,1,0,32,0,0,57,181,0,163,0,Recovered,10,234,4,2482,0,147,0,47
0,0,0,2,1,0,0,18-May-20,0,12,0,0,35,0,0,0,2,0,0,0,0,51,0,0,4,0,0,0,2,0,7,0,Deceased,0,3,0,131,0,6,0,6
0,57,0,42,96,3,5,19-May-20,0,500,0,8,395,2,36,20,28,149,12,0,0,2078,0,2,229,0,0,102,22,5,338,0,Confirmed,42,688,8,6154,814,321,15,137
0,69,0,0,0,3,0,19-May-20,0,265,0,0,239,5,29,0,38,13,0,0,0,1202,0,0,196,0,0,30,95,1,119,0,Recovered,9,489,27,3032,0,135,0,68
0,2,0,0,0,0,0,19-May-20,0,6,0,0,25,1,0,0,2,3,0,0,0,76,0,0,6,0,0,1,1,0,5,0,Deceased,4,3,0,146,0,5,0,6
0,71,0,31,257,3,14,20-May-20,0,534,0,4,398,18,29,42,73,67,24,1,0,2161,1,16,270,0,0,74,3,1,170,0,Confirmed,27,743,0,5720,282,249,15,142
0,43,0,7,54,79,0,20-May-20,0,442,0,0,176,3,21,2,31,13,5,0,0,679,0,0,103,0,0,36,152,0,67,0,Recovered,2,987,0,3113,0,148,1,62
0,1,0,0,0,0,0,20-May-20,0,10,0,0,30,0,0,0,1,1,0,0,0,65,0,0,9,0,0,1,0,0,4,0,Deceased,2,3,0,134,0,4,0,3
0,45,0,22,211,16,14,21-May-20,0,571,0,2,371,42,37,13,59,143,24,0,0,2345,0,0,246,0,0,51,23,0,212,0,Confirmed,38,776,2,6023,307,340,19,94
0,41,0,6,0,42,0,21-May-20,0,375,0,0,269,5,33,7,6,15,8,0,0,1408,0,0,110,0,0,50,25,0,81,0,Recovered,23,400,32,3131,0,138,0,57
0,1,0,0,0,0,0,21-May-20,0,18,0,0,24,0,0,0,2,0,0,0,0,64,0,0,4,0,0,1,1,0,4,0,Deceased,5,7,0,148,0,11,0,6
0,62,0,15,179,1,44,22-May-20,0,660,0,2,363,16,37,20,40,138,42,2,0,2940,0,1,189,0,0,86,1,3,267,0,Confirmed,62,786,0,6536,217,220,8,135
0,26,0,0,58,0,3,22-May-20,0,330,0,9,392,0,25,0,36,26,2,0,0,857,0,0,245,0,0,43,28,0,195,0,Recovered,7,846,4,3280,0,120,0,28
0,1,0,0,2,0,0,22-May-20,0,14,0,0,29,0,2,0,0,0,1,0,0,63,0,0,1,0,0,0,0,0,2,0,Deceased,3,4,0,142,0,14,0,6
0,47,0,121,228,6,42,23-May-20,0,591,1,1,396,17,64,27,80,216,62,3,0,2608,0,3,201,0,0,80,16,0,248,1,Confirmed,52,759,16,6663,279,282,91,127
0,48,0,2,24,1,2,23-May-20,0,370,0,0,289,2,44,5,54,11,3,0,0,821,0,0,178,0,0,61,23,0,106,0,Recovered,25,363,0,2576,0,82,2,60
0,1,0,0,0,0,0,23-May-20,0,23,0,0,27,0,0,0,1,1,0,0,0,60,0,0,9,0,0,0,0,0,7,0,Deceased,1,5,0,142,0,3,0,4
0,66,1,46,180,37,38,24-May-20,0,508,0,11,394,18,53,20,52,130,53,3,0,3041,0,3,294,0,0,67,15,15,286,0,Confirmed,41,765,3,7111,439,251,73,208
0,62,0,1,49,0,0,24-May-20,0,273,0,0,243,2,15,7,35,46,5,0,0,1196,0,2,141,0,0,53,28,2,62,0,Recovered,24,833,13,3285,0,132,3,58
0,0,0,0,0,1,0,24-May-20,0,30,0,0,29,0,0,1,0,0,1,0,0,58,0,0,9,0,0,0,1,0,3,0,Deceased,4,8,0,156,0,6,2,3
0,106,0,156,163,4,40,25-May-20,0,635,0,1,405,20,29,35,47,93,49,1,0,2436,1,4,194,0,3,102,21,8,272,0,Confirmed,66,805,4,6414,304,229,32,149
0,51,0,5,31,8,3,25-May-20,0,231,0,3,224,4,37,0,0,51,12,0,0,1186,0,0,163,0,0,99,15,5,208,0,Recovered,72,407,0,3012,0,122,0,75
0,0,0,0,2,0,0,25-May-20,0,15,0,0,30,0,0,0,2,2,0,0,0,60,0,0,10,0,0,0,0,0,4,0,Deceased,3,7,0,150,0,8,1,6
0,97,0,134,231,12,68,26-May-20,0,412,0,0,361,24,92,21,91,101,67,0,0,2091,5,3,165,0,1,79,25,0,236,0,Confirmed,112,646,34,5907,328,227,51,193
0,125,0,0,67,0,12,26-May-20,0,183,0,9,501,0,22,5,24,59,10,0,0,1168,0,0,118,0,0,84,5,0,220,0,Recovered,120,611,0,3585,0,164,6,72
0,1,0,0,1,0,0,26-May-20,0,12,0,0,27,0,0,0,1,0,1,0,0,97,0,0,5,0,0,0,0,0,3,0,Deceased,1,11,0,173,0,8,0,5
0,134,0,101,68,1,4,27-May-20,0,792,0,1,376,26,76,7,162,135,40,1,0,2190,0,5,237,0,5,76,33,0,280,0,Confirmed,107,817,10,7246,1043,267,69,183
0,48,0,25,118,0,4,27-May-20,0,310,0,9,410,3,14,0,21,17,10,0,0,964,0,0,238,0,0,79,0,0,286,0,Recovered,37,567,0,3434,0,167,15,92
0,1,0,0,1,0,0,27-May-20,0,15,0,0,23,2,2,0,2,3,0,0,0,105,0,0,8,0,0,0,0,0,3,0,Deceased,6,6,0,188,0,5,0,6
0,128,1,97,149,10,34,28-May-20,0,1024,0,1,367,8,123,6,115,115,85,20,0,2598,1,11,192,0,9,67,19,4,251,0,Confirmed,117,827,2,7254,319,179,31,344
0,68,0,16,132,2,0,28-May-20,0,231,0,1,454,7,43,0,5,53,3,0,0,698,0,0,123,0,0,75,28,0,253,0,Recovered,24,639,2,3171,0,224,0,90
0,1,0,0,0,0,0,28-May-20,0,13,0,0,22,0,1,0,1,0,1,0,0,85,0,0,8,0,0,0,0,0,7,0,Deceased,4,12,0,176,0,15,0,6
0,85,0,177,174,0,17,29-May-20,0,1105,0,0,372,14,217,82,128,248,62,0,0,2682,6,4,192,0,7,63,39,4,298,0,Confirmed,169,874,10,8138,341,275,216,277
0,101,0,22,159,0,17,29-May-20,0,351,0,3,608,10,59,63,16,60,10,0,0,8381,0,2,219,0,0,90,3,6,429,0,Recovered,36,765,0,11735,0,195,23,107
0,1,0,0,0,0,1,29-May-20,0,82,0,0,20,0,0,1,1,1,1,0,0,116,0,0,13,0,0,2,2,0,4,0,Deceased,4,9,0,269,0,4,0,7
0,131,1,159,206,0,32,30-May-20,0,1163,0,1,412,18,202,73,177,141,58,3,0,2940,0,1,246,0,11,96,36,0,252,0,Confirmed,74,938,17,8364,370,256,33,317
0,55,0,38,102,10,2,30-May-20,0,229,0,1,621,24,31,40,33,103,10,0,0,1084,0,0,175,0,0,73,18,0,495,0,Recovered,31,687,5,4303,0,241,0,195
0,0,0,0,6,0,0,30-May-20,0,18,0,0,27,0,1,0,0,1,1,0,0,99,0,0,9,0,0,0,2,0,9,0,Deceased,6,6,0,205,0,12,1,7
0,110,0,123,242,4,51,31-May-20,0,1295,0,1,438,18,168,41,105,299,61,0,0,2487,0,11,198,0,7,129,30,13,214,0,Confirmed,199,1149,45,8789,448,374,158,371
0,51,0,22,209,0,12,31-May-20,0,403,0,2,689,9,77,0,19,221,15,4,0,1248,0,5,398,0,0,76,20,2,293,0,Recovered,16,757,1,4928,0,192,0,187
0,2,0,0,2,0,0,31-May-20,0,57,0,0,31,0,0,0,0,2,0,0,0,89,0,0,7,0,0,0,1,0,1,0,Deceased,5,13,0,222,0,4,0,8
0,105,18,146,138,4,49,01-Jun-20,0,990,1,2,423,9,265,26,155,187,57,0,0,2358,1,12,194,0,0,156,38,9,269,0,Confirmed,94,1162,107,7723,139,286,52,271
0,34,0,99,221,15,7,01-Jun-20,0,268,0,6,861,2,7,40,19,100,18,0,0,779,0,0,161,0,0,119,13,0,181,0,Recovered,63,413,0,3882,0,187,120,149
0,2,0,0,0,0,0,01-Jun-20,0,50,0,0,25,0,1,0,3,1,1,0,0,76,0,0,8,0,0,0,-1,0,5,0,Deceased,6,11,0,201,0,5,0,8
0,115,2,74,151,4,15,02-Jun-20,0,1298,0,6,415,5,296,61,117,388,86,4,0,2287,2,6,137,12,6,141,41,0,273,0,Confirmed,99,1091,48,8812,784,368,84,396
0,40,0,53,62,0,9,02-Jun-20,0,497,0,7,1114,18,14,0,7,75,19,0,0,1225,0,3,218,0,0,80,17,0,222,0,Recovered,35,536,0,4531,0,146,30,104
0,0,0,0,1,1,1,02-Jun-20,0,33,0,0,29,0,2,0,2,0,1,1,0,103,0,0,6,0,0,0,2,0,4,0,Deceased,4,13,0,222,0,7,2,10
0,180,10,271,230,0,64,03-Jun-20,0,1513,8,47,485,14,302,42,139,267,82,9,0,2560,3,19,168,1,9,143,34,11,279,1,Confirmed,129,1286,151,9689,709,141,42,340
0,50,0,76,222,0,40,03-Jun-20,0,299,0,0,318,10,20,1,54,111,24,1,0,996,1,24,224,0,0,91,12,8,309,0,Recovered,30,610,0,3789,0,81,7,170
0,4,0,0,1,0,0,03-Jun-20,0,59,0,0,30,0,0,0,1,1,0,0,0,122,0,0,7,0,0,0,1,0,6,0,Deceased,7,8,0,259,0,1,1,10
0,141,5,285,126,1,147,04-Jun-20,0,1359,3,40,492,24,327,63,285,257,94,4,0,2933,0,16,174,3,22,90,39,9,210,0,Confirmed,127,1384,24,9847,360,367,68,368
0,65,0,46,95,8,36,04-Jun-20,0,356,0,0,455,29,34,69,41,106,39,0,0,1352,0,0,192,0,0,65,14,4,360,0,Recovered,31,585,0,4390,0,182,38,188
0,3,0,0,3,0,0,04-Jun-20,0,44,0,0,33,0,1,1,1,4,3,0,0,123,0,0,6,0,0,0,0,0,4,0,Deceased,6,15,0,274,0,15,2,10
0,138,4,128,146,7,90,05-Jun-20,0,1330,0,30,510,10,316,95,182,515,111,3,0,2436,0,8,234,7,27,130,46,5,222,1,Confirmed,143,1438,48,9472,127,496,62,427
0,36,0,50,113,51,25,05-Jun-20,0,417,0,8,344,10,86,69,38,83,22,0,0,1466,0,0,241,0,0,123,26,6,255,0,Recovered,40,861,0,4770,0,209,47,144
0,2,0,0,1,0,0,05-Jun-20,0,49,0,0,35,0,0,1,1,0,0,0,0,139,0,0,7,0,0,1,1,0,5,0,Deceased,8,12,0,286,0,12,1,11
0,210,2,230,233,3,60,06-Jun-20,0,1320,5,71,498,7,355,106,143,378,108,2,0,2739,0,25,232,0,0,173,54,3,253,4,Confirmed,206,1458,55,10408,582,370,88,435
0,75,0,79,65,0,28,06-Jun-20,0,349,0,0,313,5,71,38,40,280,50,2,0,2243,0,14,230,0,8,112,23,5,142,0,Recovered,83,633,0,5433,0,260,78,207
0,0,0,0,0,0,2,06-Jun-20,0,53,0,0,29,0,0,0,3,2,1,0,0,120,0,0,15,0,0,0,2,0,13,0,Deceased,10,19,0,297,0,11,0,17
0,199,3,208,239,2,150,07-Jun-20,0,1282,1,33,480,11,496,75,620,239,107,4,0,3007,3,15,173,10,9,75,93,12,262,0,Confirmed,154,1515,53,10882,418,433,52,449
0,29,0,48,107,1,7,07-Jun-20,0,335,1,0,319,28,194,17,90,159,41,0,0,1924,0,0,223,0,0,178,14,1,253,0,Recovered,32,604,19,5191,0,277,106,184
0,2,0,0,1,0,0,07-Jun-20,0,51,0,0,30,0,4,0,2,2,0,0,0,91,0,0,13,0,0,1,1,0,9,0,Deceased,14,18,0,261,0,7,2,13
0,154,6,154,177,6,124,08-Jun-20,0,1007,2,30,477,10,406,187,198,308,91,0,0,2554,3,100,237,8,6,138,55,9,277,0,Confirmed,92,1562,38,8536,-773,411,56,426
0,42,0,148,137,11,69,08-Jun-20,0,358,0,2,321,5,226,29,108,309,11,0,0,1661,0,6,205,0,0,99,22,4,363,0,Recovered,0,528,0,5171,0,159,186,162
0,0,0,0,1,0,0,08-Jun-20,0,62,0,0,31,0,11,0,4,3,1,0,0,109,0,0,2,0,0,0,2,0,6,0,Deceased,5,17,0,271,0,8,0,9
1,69,0,215,208,6,14,09-Jun-20,0,1366,2,29,470,16,355,126,61,161,91,5,0,2258,4,32,211,46,5,146,56,4,369,6,Confirmed,178,1685,26,9981,874,388,126,372
0,48,1,312,228,0,12,09-Jun-20,0,504,0,0,409,14,107,40,182,164,34,0,0,1664,0,6,193,0,2,140,39,2,211,3,Recovered,0,798,0,5634,0,325,41,155
0,2,0,1,2,0,1,09-Jun-20,0,31,0,0,33,0,6,1,3,2,0,0,0,120,0,0,6,0,0,0,2,0,9,0,Deceased,6,18,1,272,0,18,0,10
1,365,4,235,243,2,51,10-Jun-20,0,1501,5,28,510,14,370,135,161,120,65,7,0,3254,1,7,200,5,1,110,86,12,355,0,Confirmed,191,1927,31,11156,516,275,25,343
0,110,2,152,164,4,4,10-Jun-20,0,384,0,0,370,13,381,33,165,257,57,0,0,1877,0,0,163,0,12,149,65,5,241,0,Recovered,75,1008,47,6275,0,302,76,159
0,1,0,1,1,0,1,10-Jun-20,0,79,0,0,34,1,7,0,3,3,1,0,0,149,0,0,7,0,0,0,0,0,4,0,Deceased,8,19,0,358,0,20,2,17
3,182,6,145,250,4,136,11-Jun-20,0,1877,1,30,513,19,389,48,67,204,83,20,0,3607,0,55,192,9,2,136,82,13,238,0,Confirmed,209,1875,25,11135,-296,478,93,440
0,99,0,184,152,4,70,11-Jun-20,0,486,0,0,366,26,73,38,149,114,62,4,0,1562,5,9,150,0,7,72,27,7,206,0,Recovered,176,1372,39,6044,0,321,55,209
0,2,0,0,0,0,0,11-Jun-20,0,101,0,0,38,0,12,0,1,3,1,0,0,152,0,0,4,0,0,1,4,2,6,0,Deceased,9,23,0,394,0,24,1,10
0,207,19,263,148,13,47,12-Jun-20,0,2137,0,46,495,16,366,57,156,271,78,104,0,3493,0,19,202,2,26,112,99,6,230,50,Confirmed,164,1982,41,11306,-616,528,69,476
0,123,0,152,230,2,123,12-Jun-20,0,667,0,2,392,17,214,55,266,464,32,4,0,1718,4,0,159,0,28,120,23,9,236,0,Recovered,285,1342,0,7263,0,317,61,218
0,0,0,2,1,0,0,12-Jun-20,0,129,0,0,31,0,6,0,1,7,1,0,0,127,0,0,9,0,0,1,4,1,7,0,Deceased,9,18,0,388,0,20,5,9
0,222,5,207,193,5,105,13-Jun-20,0,2134,5,60,517,16,415,55,148,308,85,198,0,3427,0,64,198,6,7,225,77,13,333,0,Confirmed,253,1989,83,12039,-331,502,61,454
0,94,2,221,370,0,87,13-Jun-20,0,1547,0,1,390,16,328,131,183,208,46,10,0,1550,1,0,176,0,27,120,45,6,326,2,Recovered,74,1362,37,8092,0,266,130,336
0,2,0,0,0,0,0,13-Jun-20,0,57,0,0,33,0,8,0,2,3,0,0,0,113,0,0,7,0,0,0,2,0,10,0,Deceased,8,30,0,309,0,20,2,12
2,294,3,218,186,2,121,14-Jun-20,0,2224,4,41,511,16,459,52,163,176,54,112,0,3390,0,9,161,2,10,186,77,18,293,5,Confirmed,237,1974,33,11405,-548,497,34,389
0,131,1,155,289,0,88,14-Jun-20,0,878,0,4,442,17,200,89,120,312,56,12,0,1632,3,18,300,0,4,114,29,9,229,0,Recovered,25,1138,118,7358,0,393,34,518
0,2,0,0,1,0,3,14-Jun-20,0,56,0,0,29,0,10,0,4,5,0,0,0,120,0,0,12,0,0,1,2,1,10,0,Deceased,3,38,0,324,0,14,1,12
1,304,4,191,187,5,44,15-Jun-20,0,1647,0,28,514,38,514,30,179,213,82,6,0,2786,0,32,133,5,4,146,127,8,287,0,Confirmed,219,1843,10,10032,-464,476,26,407
0,69,0,245,251,6,124,15-Jun-20,0,604,0,11,339,16,562,95,215,174,73,2,0,5071,0,60,226,0,0,146,87,4,219,0,Recovered,389,797,0,10639,0,342,78,434
0,2,0,0,2,1,0,15-Jun-20,0,73,0,0,28,0,12,1,3,2,1,0,0,178,0,0,6,0,0,0,4,0,9,0,Deceased,2,44,0,396,0,18,0,10
3,264,4,201,148,8,69,16-Jun-20,0,1859,15,37,524,4,550,46,78,317,79,94,0,2701,0,10,148,4,2,108,104,14,235,0,Confirmed,213,1515,1,11086,712,507,97,415
0,128,0,206,345,1,91,16-Jun-20,0,73,7,0,418,19,183,121,177,322,60,3,0,1802,2,8,249,0,15,120,18,4,177,0,Recovered,261,1438,123,7226,0,294,27,534
0,2,0,0,1,0,0,16-Jun-20,0,437,0,0,28,0,18,0,1,7,0,0,0,1409,0,0,11,0,0,0,1,0,7,0,Deceased,4,49,0,2004,0,18,1,10
0,351,4,184,130,5,80,17-Jun-20,0,2414,5,27,520,25,560,57,108,204,75,38,0,3307,-1,52,161,0,14,175,126,29,326,2,Confirmed,269,2174,43,13108,589,583,81,391
0,128,3,231,205,4,165,17-Jun-20,0,957,3,11,348,7,204,30,133,348,90,7,0,1315,3,33,236,0,0,73,77,10,505,0,Recovered,44,842,0,6890,0,335,38,505
0,2,0,0,0,0,0,17-Jun-20,0,67,0,0,27,0,12,1,1,8,0,0,0,114,0,0,6,0,0,0,6,1,5,0,Deceased,1,48,0,341,0,30,1,11
1,425,0,209,100,4,82,18-Jun-20,0,2877,4,49,510,10,386,23,149,210,97,0,0,3752,0,54,182,9,0,174,118,26,315,0,Confirmed,352,2141,21,13829,430,604,80,435
2,131,1,206,185,0,103,18-Jun-20,0,3884,2,13,389,5,604,47,230,176,89,3,0,1672,1,7,244,0,6,97,32,7,275,1,Recovered,230,1017,83,10741,0,399,132,468
0,2,0,1,5,0,0,18-Jun-20,0,65,0,0,31,0,4,1,7,12,1,0,0,100,0,0,4,0,0,0,5,1,17,0,Deceased,3,49,0,343,0,23,0,12
2,465,32,0,250,7,72,19-Jun-20,0,3137,14,20,540,32,525,42,125,337,118,57,0,3827,0,75,156,0,5,165,217,16,299,0,Confirmed,499,2115,27,14638,224,809,74,355
0,133,3,218,137,9,103,19-Jun-20,0,2228,0,9,340,12,333,137,50,230,96,0,0,1935,0,19,116,8,16,153,66,2,255,16,Recovered,51,1630,18,9029,0,357,47,302
0,4,0,0,5,0,1,19-Jun-20,0,66,0,0,27,0,10,0,4,9,0,0,0,142,0,0,9,0,0,0,9,1,3,0,Deceased,3,41,0,364,0,19,0,11
0,491,0,249,213,23,116,20-Jun-20,0,3630,17,29,539,29,480,63,154,416,127,92,0,3874,0,96,142,10,3,179,120,51,381,0,Confirmed,546,2396,8,15918,338,541,124,441
0,206,1,136,269,1,63,20-Jun-20,0,7725,12,11,535,20,239,69,142,183,57,22,0,1380,0,14,132,0,13,237,42,13,277,0,Recovered,154,1045,23,13974,0,374,17,562
0,5,0,0,0,0,1,20-Jun-20,0,77,0,0,20,0,5,0,6,9,0,0,0,91,0,0,6,0,0,1,6,0,4,0,Deceased,5,38,0,308,0,22,1,11
1,477,4,332,162,2,121,21-Jun-20,0,3000,5,64,580,17,412,74,122,453,133,1,0,3870,0,64,179,1,10,304,122,28,393,8,Confirmed,730,2532,35,15151,-138,596,43,414
2,196,6,202,264,0,53,21-Jun-20,0,1719,1,6,655,12,429,2,46,226,93,17,0,1591,5,18,135,0,3,186,22,9,323,4,Recovered,225,1438,79,9075,0,626,50,432
0,5,0,0,2,0,0,21-Jun-20,0,63,0,0,25,0,11,0,1,5,0,0,0,186,0,0,14,0,0,4,1,1,12,0,Deceased,7,53,0,426,0,21,0,15
0,443,9,267,228,5,47,22-Jun-20,0,2909,15,46,563,54,390,42,132,249,138,10,0,3721,2,57,175,1,69,143,161,17,302,0,Confirmed,872,2710,16,13560,-1295,591,58,413
0,128,1,161,136,6,66,22-Jun-20,0,3589,0,17,560,12,359,63,149,111,88,2,0,1962,0,0,200,3,0,143,125,9,313,4,Recovered,274,1358,23,10879,0,606,21,390
0,5,0,0,1,0,1,22-Jun-20,0,58,0,1,21,0,9,0,3,5,0,0,0,113,0,0,6,0,0,2,2,0,7,0,Deceased,7,37,0,312,0,19,1,14
2,462,10,203,157,7,83,23-Jun-20,0,3947,9,45,549,48,495,53,148,322,141,85,0,3214,1,23,183,0,50,167,162,19,395,1,Confirmed,879,2516,23,15656,183,571,133,370
3,157,16,197,260,0,40,23-Jun-20,0,2711,0,53,604,3,582,51,111,274,60,12,0,1925,4,8,120,7,0,125,222,16,303,0,Recovered,219,1227,25,10462,0,515,81,531
0,8,0,0,2,0,0,23-Jun-20,0,68,0,1,26,0,9,0,2,8,1,0,0,248,0,0,4,0,0,3,4,1,9,0,Deceased,3,39,0,468,0,19,2,11
6,497,2,226,223,2,34,24-Jun-20,0,3788,13,42,572,31,490,26,186,397,152,0,0,3889,0,49,187,3,17,282,230,59,382,4,Confirmed,891,2865,0,16868,126,664,88,445
1,187,0,196,79,0,74,24-Jun-20,0,2124,3,84,575,34,427,55,176,149,81,126,0,4161,0,70,138,5,7,135,52,11,398,10,Recovered,137,2424,97,13089,0,470,119,484
0,10,1,0,1,0,0,24-Jun-20,0,64,0,0,25,0,10,1,1,14,0,0,0,208,0,0,9,0,0,0,8,0,10,0,Deceased,5,33,0,424,0,8,5,11
2,553,12,364,215,3,37,25-Jun-20,0,3390,20,44,577,33,453,44,127,442,123,9,0,4842,0,86,147,0,8,210,142,41,287,2,Confirmed,920,3509,32,18205,352,636,68,475
0,209,4,75,374,7,128,25-Jun-20,0,3328,8,46,410,8,455,30,149,519,53,84,0,3661,1,26,146,6,12,168,93,11,229,0,Recovered,327,2236,122,13983,0,533,37,488
0,7,0,0,1,0,0,25-Jun-20,0,64,0,0,18,1,10,0,2,6,0,0,0,192,0,0,8,0,0,0,7,0,4,0,Deceased,5,45,0,401,0,15,1,15
14,605,2,273,190,2,89,26-Jun-20,0,3460,15,44,580,25,421,31,213,445,150,5,0,5024,2,19,203,2,16,218,188,32,364,2,Confirmed,985,3645,35,18255,-370,750,34,542
2,208,7,214,189,6,156,26-Jun-20,0,2326,12,35,532,20,636,42,113,246,65,109,0,2362,0,39,185,17,2,131,9,16,222,0,Recovered,78,1358,36,10246,0,464,64,345
0,10,0,0,0,0,1,26-Jun-20,0,63,0,0,18,0,13,0,1,10,0,0,0,175,0,0,4,0,0,0,2,0,1,0,Deceased,7,46,0,381,0,19,1,10
0,796,3,246,302,3,65,27-Jun-20,0,2948,15,89,615,30,543,45,204,918,195,14,0,6368,0,17,167,3,16,170,99,85,284,0,Confirmed,1087,3713,9,20142,-100,606,66,521
0,284,5,567,261,0,52,27-Jun-20,0,2210,6,50,379,7,456,77,145,371,102,87,0,4430,0,39,167,8,2,184,119,18,305,10,Recovered,162,2737,16,14229,0,632,87,254
0,11,0,1,2,0,0,27-Jun-20,0,66,0,0,18,0,7,0,2,11,0,0,0,167,0,0,4,0,0,1,6,1,11,0,Deceased,6,68,0,414,0,19,0,13
11,813,5,327,244,3,84,28-Jun-20,0,2889,4,70,624,22,402,25,127,1267,118,3,0,5493,2,93,221,1,28,264,160,29,327,1,Confirmed,983,3940,12,19610,-184,598,32,572
2,428,6,274,226,1,125,28-Jun-20,0,3306,13,58,391,17,445,69,91,220,42,32,0,2330,0,23,113,0,0,137,206,31,244,0,Recovered,244,1443,8,11631,0,593,109,404
0,12,0,1,4,0,0,28-Jun-20,0,65,0,1,19,0,5,0,1,16,0,0,0,156,0,0,7,0,0,3,5,1,8,0,Deceased,4,54,0,384,0,11,1,10
7,793,5,302,394,3,101,29-Jun-20,0,2084,15,53,626,26,381,62,144,1105,122,1,0,5257,1,42,184,0,36,245,202,42,389,0,Confirmed,975,3949,34,18339,-554,681,8,624
0,324,1,245,218,13,88,29-Jun-20,0,3628,6,46,440,38,585,56,269,176,79,30,0,2385,0,39,115,6,4,203,238,10,310,0,Recovered,410,2212,6,13497,0,698,93,526
0,11,0,0,1,0,0,29-Jun-20,0,57,0,0,19,0,9,3,1,19,1,0,0,181,0,0,7,0,0,2,5,0,6,0,Deceased,6,62,0,417,0,12,1,14
7,704,4,613,370,6,63,30-Jun-20,0,2199,10,64,620,11,338,64,260,947,131,9,0,4878,2,7,223,9,8,206,150,24,348,0,Confirmed,945,3943,8,18256,-281,664,50,652
0,279,1,314,170,15,100,30-Jun-20,0,2113,7,72,422,19,470,35,137,235,75,32,0,1951,0,59,196,61,0,243,103,10,299,1,Recovered,1712,2325,0,12565,0,578,120,411
0,7,0,1,5,0,0,30-Jun-20,0,62,0,0,20,1,4,0,6,20,1,0,0,245,0,0,8,0,0,2,6,1,8,0,Deceased,7,60,0,506,0,25,2,15
3,657,4,548,216,6,82,01-Jul-20,0,2442,16,72,675,26,393,35,198,1272,151,17,0,5537,2,26,268,0,42,251,100,25,304,1,Confirmed,1018,3882,8,19429,-89,564,66,611
5,477,4,184,267,3,53,01-Jul-20,0,1644,27,74,368,42,527,47,134,145,132,46,0,2243,0,26,260,1,14,164,122,29,354,2,Recovered,788,2852,1,12064,0,545,86,398
0,6,0,0,5,0,1,01-Jul-20,0,61,0,1,21,0,4,0,4,7,1,0,0,198,0,0,9,0,0,1,5,0,8,0,Deceased,7,63,0,438,0,21,0,15
9,845,37,479,478,4,73,02-Jul-20,0,2373,25,95,681,35,568,60,154,1502,160,1,0,6328,3,19,245,2,34,229,116,63,350,12,Confirmed,1213,4343,39,21947,-83,769,37,649
1,325,5,275,183,22,59,02-Jul-20,0,3015,3,64,563,15,520,57,118,271,202,35,0,8018,1,37,160,3,15,149,155,30,374,0,Recovered,987,3095,53,19999,0,592,88,509
0,5,0,2,5,0,0,02-Jul-20,0,61,0,0,19,0,11,0,10,19,0,0,0,125,0,0,8,0,0,2,3,0,9,0,Deceased,8,57,0,378,0,17,1,16
7,837,20,365,426,4,52,03-Jul-20,0,2520,50,94,687,19,494,112,170,1694,211,11,0,6364,4,37,191,0,4,561,153,22,390,1,Confirmed,1892,4329,93,22718,-801,972,64,669
3,319,4,221,217,4,52,03-Jul-20,0,2617,21,38,340,39,672,13,101,471,201,47,0,3515,0,23,234,1,31,203,122,53,333,0,Recovered,1126,2357,53,14417,0,376,76,534
0,8,0,0,6,0,0,03-Jul-20,0,59,0,0,18,0,4,0,4,21,0,0,0,198,0,0,4,0,0,2,5,1,10,0,Deceased,8,64,0,444,0,14,0,18
3,765,7,1202,349,5,96,04-Jul-20,0,2505,37,108,712,13,545,42,227,1839,240,3,0,7074,8,9,307,2,24,495,172,80,480,1,Confirmed,1850,4280,25,24018,-1032,757,45,743
12,376,1,416,277,2,112,04-Jul-20,0,2632,9,53,473,25,566,34,68,439,209,50,0,3395,0,28,185,3,0,229,40,21,359,0,Recovered,1342,2214,3,14746,0,557,21,595
0,12,0,0,4,0,0,04-Jul-20,0,81,0,2,21,1,5,3,8,42,0,0,0,295,0,0,5,0,0,6,5,1,7,0,Deceased,5,65,0,611,0,24,0,19
6,998,10,735,403,7,46,05-Jul-20,0,2244,32,77,725,17,457,68,183,1925,225,0,0,6555,2,41,326,22,27,469,174,42,632,22,Confirmed,1590,4150,23,23942,-370,1153,31,895
6,414,2,690,277,0,52,05-Jul-20,0,3083,17,111,486,28,687,10,112,603,126,0,0,3658,0,22,177,3,3,290,102,43,288,9,Recovered,1166,2186,4,15829,0,607,22,545
0,14,0,0,2,0,0,05-Jul-20,0,63,0,1,18,0,5,1,5,37,0,0,0,151,0,0,10,0,0,3,2,0,9,0,Deceased,7,60,0,421,0,12,0,21
16,1322,1,786,280,21,98,06-Jul-20,0,1379,27,52,735,14,499,47,246,1843,193,0,0,5368,16,24,354,11,35,456,208,65,524,0,Confirmed,1831,3827,111,22500,284,929,37,861
2,498,14,508,249,6,66,06-Jul-20,0,749,16,125,423,26,391,23,63,680,167,10,0,3522,0,45,168,0,12,262,86,32,350,4,Recovered,2078,3793,13,15315,0,348,62,524
0,7,1,0,7,0,0,06-Jul-20,0,48,0,0,17,0,11,1,6,30,2,0,0,204,0,0,9,0,0,2,5,0,5,0,Deceased,11,61,0,473,0,24,0,22
6,1178,6,814,385,5,110,07-Jul-20,0,2008,27,90,778,6,495,164,256,1498,272,36,0,5134,6,40,343,1,19,571,258,32,716,2,Confirmed,1879,3616,24,23147,121,1332,69,850
0,825,13,388,324,0,84,07-Jul-20,0,2129,10,95,421,27,310,36,81,571,111,24,0,3296,0,37,189,6,60,217,60,37,297,0,Recovered,1506,4545,29,16836,0,518,35,555
0,13,0,2,1,1,0,07-Jul-20,0,50,1,1,17,0,3,2,5,15,0,0,0,224,0,0,5,0,0,6,6,0,11,0,Deceased,7,65,0,479,0,18,1,25
2,1062,11,696,749,15,111,08-Jul-20,0,2033,15,136,783,18,691,116,330,2062,301,6,0,6603,6,5,409,5,13,527,158,110,659,6,Confirmed,1924,3756,57,25561,-16,1188,28,986
0,1356,4,397,203,1,107,08-Jul-20,0,3982,11,51,569,43,461,66,168,778,107,28,0,4634,2,22,219,4,1,303,274,67,291,6,Recovered,992,3051,76,19508,0,704,29,501
0,12,0,6,2,0,0,08-Jul-20,0,48,0,0,16,0,3,0,6,54,0,0,0,198,1,0,7,0,0,7,3,0,10,0,Deceased,11,64,0,492,0,18,3,23
7,1555,15,568,704,16,140,09-Jul-20,0,2187,14,112,861,39,674,134,240,2228,339,8,0,6875,13,15,305,0,16,577,233,49,500,1,Confirmed,1410,4231,16,25790,-633,1206,47,1088
9,1053,11,421,251,1,68,09-Jul-20,0,4027,10,66,429,13,399,40,128,957,149,27,0,4067,0,6,245,0,0,401,117,35,204,0,Recovered,913,3994,14,19408,0,796,22,535
0,13,0,5,9,0,1,09-Jul-20,0,45,0,1,15,0,5,1,5,17,0,0,0,219,0,0,5,0,0,6,5,2,9,0,Deceased,7,65,0,479,0,17,0,27
0,1608,33,936,352,13,166,10-Jul-20,0,2089,14,100,875,31,570,250,387,2313,416,9,0,7862,73,132,316,23,59,755,217,72,611,0,Confirmed,1278,3680,142,27762,-224,1338,68,1198
9,1040,0,701,459,5,125,10-Jul-20,0,2468,19,74,441,39,399,14,91,1003,112,2,0,5366,0,33,249,0,0,565,72,18,550,9,Recovered,1013,4163,34,20289,0,660,34,522
0,15,0,8,2,0,2,10-Jul-20,0,42,0,0,14,0,3,0,5,57,0,0,0,226,0,0,4,0,0,6,4,1,6,0,Deceased,8,64,0,520,0,27,0,26
0,1813,6,535,709,13,65,11-Jul-20,0,1781,14,117,872,11,648,145,268,2798,488,13,0,8139,76,11,544,1,16,570,230,65,574,26,Confirmed,1178,3965,31,27757,-745,1392,44,1344
0,1199,5,578,740,5,42,11-Jul-20,0,2998,12,81,502,23,490,32,109,880,143,11,0,4360,0,11,198,7,9,388,23,53,249,0,Recovered,1714,3591,3,19981,0,902,12,611
0,17,0,2,7,1,0,11-Jul-20,0,34,0,3,10,0,7,1,10,70,2,0,0,223,0,0,6,0,0,6,8,1,6,0,Deceased,9,69,1,543,0,24,0,26
7,1933,19,735,1266,10,184,12-Jul-20,0,1573,16,85,879,31,658,97,357,2627,435,9,0,7827,33,16,431,4,26,595,234,81,644,4,Confirmed,1269,4244,105,29106,-392,1384,120,1560
8,1019,13,468,962,4,83,12-Jul-20,0,2276,31,59,513,21,589,52,84,693,132,0,0,3340,0,53,197,0,14,390,352,49,234,1,Recovered,1563,3617,46,18198,0,645,68,622
0,19,0,4,7,0,2,12-Jul-20,0,37,0,2,13,0,4,7,10,71,2,0,0,173,0,0,9,0,0,5,4,0,7,0,Deceased,8,68,0,500,0,21,1,26
3,1935,27,1001,1116,29,184,13-Jul-20,0,1246,25,130,902,30,689,203,314,2738,449,7,0,6497,21,17,575,2,71,616,357,50,544,2,Confirmed,1550,4328,26,28178,-666,1654,71,1435
9,1052,7,522,411,6,49,13-Jul-20,0,1344,42,53,608,11,654,43,116,838,162,18,0,4182,1,74,332,1,13,505,194,46,527,6,Recovered,1197,3035,54,17683,0,869,70,632
0,37,1,4,9,0,0,13-Jul-20,0,40,0,3,10,0,7,2,8,73,2,0,0,193,0,0,10,0,0,7,5,0,8,0,Deceased,9,66,0,541,0,21,2,24
5,1916,75,859,1432,12,114,14-Jul-20,0,1606,16,170,915,66,699,262,346,2496,608,35,0,6741,2,46,798,5,51,543,333,63,635,45,Confirmed,1524,4526,90,29917,-179,1594,78,1390
20,1003,8,757,655,23,73,14-Jul-20,0,1924,33,67,749,11,453,77,128,1142,181,0,0,4500,0,50,367,8,6,609,77,44,539,-1,Recovered,1161,4743,63,20977,0,778,11,718
0,43,0,6,9,2,1,14-Jul-20,0,35,0,1,14,0,4,3,8,87,1,0,0,213,0,0,10,0,0,5,9,0,6,0,Deceased,10,67,0,587,0,28,1,24
5,2432,29,1088,1320,19,177,15-Jul-20,0,1647,17,198,925,32,678,337,493,3176,623,14,0,7975,19,28,638,0,6,618,288,65,866,11,Confirmed,1597,4496,98,32607,-655,1659,99,1589
1,911,0,715,514,13,49,15-Jul-20,0,2463,28,67,791,28,577,57,114,1076,196,18,0,3606,0,60,333,0,2,612,204,60,333,1,Recovered,1159,5000,66,20646,0,762,81,749
0,44,0,2,14,1,0,15-Jul-20,0,41,1,0,10,0,7,2,11,87,1,0,0,233,0,0,9,0,0,5,8,3,6,0,Deceased,11,68,1,614,0,29,0,20
4,2593,52,892,1385,16,198,16-Jul-20,0,1652,18,157,919,36,696,221,490,4169,722,5,0,8641,40,64,735,34,14,494,295,147,737,13,Confirmed,1676,4549,98,35468,-239,2058,197,1690
3,1015,0,666,568,17,127,16-Jul-20,0,1994,21,143,828,5,518,28,109,1263,228,6,0,5527,3,49,219,1,43,401,410,58,468,0,Recovered,1296,5106,33,22867,0,932,47,735
0,40,0,2,10,0,1,16-Jul-20,0,58,0,1,10,0,3,4,16,104,2,0,0,266,0,0,7,0,0,2,9,1,8,0,Deceased,10,69,0,680,0,34,0,23
0,2602,66,1218,1742,25,249,17-Jul-20,0,1462,32,196,949,40,795,313,601,3693,791,4,0,8308,26,36,704,10,40,718,348,89,615,32,Confirmed,1478,4538,118,34820,-754,1722,120,1894
0,905,22,551,896,4,61,17-Jul-20,0,1608,22,129,770,40,533,64,112,1028,132,3,0,2217,0,34,387,0,14,453,96,67,656,1,Recovered,1410,3391,47,17476,0,959,26,838
0,42,0,1,6,0,3,17-Jul-20,0,26,0,2,17,0,5,4,9,115,1,1,0,258,0,0,9,0,0,6,9,3,8,0,Deceased,7,79,0,676,0,38,1,26
4,3963,41,1117,1667,31,243,18-Jul-20,0,1475,45,180,960,40,750,289,441,4537,593,8,0,8348,15,91,681,2,22,591,350,58,711,19,Confirmed,1284,4807,171,37411,-368,1873,174,2198
3,1465,99,1060,774,5,146,18-Jul-20,0,1973,22,92,1062,19,600,79,607,1018,204,12,0,5306,0,19,350,7,27,607,81,48,518,2,Recovered,1902,3049,51,23583,0,1030,60,1286
0,52,0,2,4,1,0,18-Jul-20,0,26,0,0,19,0,17,2,5,93,2,0,0,144,0,0,8,0,0,3,7,3,7,0,Deceased,6,88,2,543,0,24,1,27
15,5041,90,1018,1412,26,161,19-Jul-20,0,1211,37,173,965,64,617,167,701,4120,821,19,0,9518,32,20,837,0,10,736,308,109,934,10,Confirmed,1296,4979,223,40235,-163,2211,239,2278
0,1127,8,858,826,3,117,19-Jul-20,0,1860,14,180,877,29,475,62,646,1290,172,18,0,3906,0,53,447,0,13,516,81,92,586,0,Recovered,1831,4059,24,22730,0,1181,35,1344
0,56,0,4,2,0,0,19-Jul-20,0,31,0,1,20,0,5,1,8,91,2,0,0,258,2,0,15,0,0,7,8,0,6,0,Deceased,6,78,0,675,0,38,0,36
4,4074,50,1093,1076,20,191,20-Jul-20,0,954,21,196,998,110,694,225,751,3648,794,17,0,8240,19,14,710,13,33,673,410,93,956,22,Confirmed,1198,4985,202,36806,0,1913,127,2282
6,1338,3,1072,938,30,169,20-Jul-20,0,1784,15,143,777,8,433,117,463,730,245,4,0,5460,3,85,373,1,39,457,583,111,465,2,Recovered,1885,3861,86,24303,0,986,96,1535
0,54,0,1,8,0,4,20-Jul-20,0,35,0,1,20,0,6,4,10,72,1,0,0,176,0,0,17,0,0,6,8,1,9,0,Deceased,7,70,2,596,0,46,3,35
5,4944,68,1680,1109,14,133,21-Jul-20,0,1349,28,174,1026,33,604,418,608,3649,720,3,0,8336,21,90,785,0,9,647,379,87,983,25,Confirmed,1430,4965,252,39170,0,2128,207,2261
8,1346,18,938,1206,0,170,21-Jul-20,0,1200,10,88,744,10,726,107,181,1664,274,3,0,7188,18,64,573,0,1,400,271,53,549,16,Recovered,2062,4894,81,27589,0,1024,85,1617
0,62,0,6,11,0,1,21-Jul-20,0,27,0,3,34,1,9,8,9,61,1,0,0,246,0,0,18,0,0,8,1,1,9,0,Deceased,7,75,1,671,0,37,0,35
9,6045,91,972,1502,29,268,22-Jul-20,0,1227,36,149,1020,61,724,487,453,4764,1038,8,0,10576,24,45,747,20,54,1078,412,121,961,108,Confirmed,1555,5849,126,45601,0,2300,451,2291
4,6553,11,1317,1135,8,116,22-Jul-20,0,1532,15,92,837,28,745,106,152,1780,272,8,0,5552,7,34,579,11,1,440,252,51,620,4,Recovered,1281,4913,107,31875,0,1645,52,1615
0,65,0,2,10,1,0,22-Jul-20,0,29,0,2,28,0,8,3,10,55,1,0,0,280,0,0,14,0,0,6,6,1,6,0,Deceased,9,518,1,1130,0,34,2,39
19,7998,42,1047,1625,20,371,23-Jul-20,0,1041,45,174,1078,109,789,482,718,5030,1078,4,0,9895,20,55,632,9,90,1264,438,120,886,22,Confirmed,1567,6472,206,48443,0,2516,145,2436
7,5428,20,1349,1083,5,157,23-Jul-20,0,1415,23,114,718,31,552,206,102,2071,432,7,0,6484,5,42,523,4,44,643,100,31,451,10,Recovered,1661,5210,39,33326,0,2303,50,2006
0,61,0,4,4,0,5,23-Jul-20,0,26,0,1,28,0,6,3,9,97,5,0,0,298,0,0,10,0,0,6,8,3,11,0,Deceased,9,88,1,755,0,35,3,34
19,8147,65,1130,1820,23,449,24-Jul-20,0,1025,44,190,1068,120,780,400,353,5007,885,36,0,9615,53,31,736,6,65,1594,477,95,958,17,Confirmed,1640,6785,100,48888,0,2667,272,2216
4,2380,58,1062,1873,4,180,24-Jul-20,0,1866,18,210,872,9,704,100,508,2037,968,10,0,5714,5,31,507,0,7,808,355,83,732,15,Recovered,1007,6504,59,32514,0,1909,42,1873
0,49,0,6,9,0,2,24-Jul-20,0,32,0,0,26,1,4,9,14,110,4,0,0,278,1,0,11,0,1,8,5,1,8,0,Deceased,8,88,1,763,0,50,2,35
31,7813,70,1165,2803,29,363,25-Jul-20,0,1142,37,146,1081,95,783,277,523,5072,1103,30,0,9251,59,30,716,29,50,1320,468,139,1120,22,Confirmed,1593,6988,105,50072,0,2971,244,2404
2,3320,36,1294,1688,20,116,25-Jul-20,0,2137,13,182,782,28,701,167,300,2403,1049,22,0,7227,7,29,622,0,4,728,201,78,759,5,Recovered,998,7758,79,37125,0,2191,54,2125
0,52,0,1,11,0,3,25-Jul-20,0,29,0,4,22,0,7,7,9,72,5,1,0,257,0,0,8,0,3,10,9,3,11,0,Deceased,8,89,0,703,0,39,1,42
28,7627,32,1142,2605,35,431,26-Jul-20,0,1075,49,175,1110,127,794,508,615,5199,927,9,0,9431,56,59,874,0,50,1376,534,133,1132,46,Confirmed,0,6986,37,48932,0,3246,143,2341
4,3046,77,985,1788,17,261,26-Jul-20,0,1807,21,230,753,25,730,183,411,2088,689,6,0,6044,41,1,644,10,8,864,513,84,648,5,Recovered,0,5471,152,31512,0,1738,71,2097
0,56,0,2,17,0,4,26-Jul-20,0,21,0,2,21,1,3,0,7,82,2,1,0,267,0,0,12,0,0,11,15,2,11,1,Deceased,0,85,2,704,0,39,0,40
20,6051,81,1348,2192,23,367,27-Jul-20,0,613,36,258,1052,94,795,454,470,5324,702,21,0,7924,36,51,789,0,46,1503,551,85,1134,10,Confirmed,1473,6993,147,46484,0,3505,224,2112
12,3257,69,1362,1536,3,228,27-Jul-20,0,1497,32,133,1015,18,662,101,474,1847,745,3,0,8706,51,38,659,0,20,581,254,75,880,27,Recovered,774,5723,105,34354,0,1192,109,2166
1,49,0,7,6,1,2,27-Jul-20,0,26,0,1,22,0,5,7,9,75,2,0,0,227,0,0,9,0,1,7,12,3,9,0,Deceased,8,77,4,642,0,30,3,39
25,7948,91,1371,2480,24,306,28-Jul-20,0,1056,44,168,1108,60,749,760,489,5536,1167,21,0,7717,41,31,628,23,75,1215,609,139,1072,24,Confirmed,1610,6972,221,49631,0,3458,259,2134
4,3064,43,1216,1376,24,267,28-Jul-20,0,1135,51,185,1032,18,712,179,483,2819,679,1,0,10333,8,56,552,5,8,687,688,62,483,12,Recovered,803,4707,154,35683,0,1687,45,2105
0,58,0,2,14,0,1,28-Jul-20,0,28,0,0,24,0,9,4,12,102,4,0,0,282,0,0,10,0,-1,8,18,4,11,0,Deceased,9,88,4,774,0,41,4,38
65,10093,80,1348,2328,44,314,29-Jul-20,0,1035,38,202,1144,73,755,331,540,5503,903,20,0,9211,5,141,917,11,53,1068,568,166,1144,17,Confirmed,1764,6426,216,52479,0,3383,279,2294
5,2784,60,1214,1284,12,197,29-Jul-20,0,1126,19,189,783,98,662,77,437,2397,641,13,0,7478,13,38,591,17,18,878,461,92,992,12,Recovered,842,5927,57,32886,0,1287,91,2094
1,65,0,4,4,0,4,29-Jul-20,0,26,0,3,24,0,7,5,15,90,1,2,0,298,0,1,14,0,0,6,25,0,10,0,Deceased,12,82,0,775,0,33,2,41
42,10167,74,2112,2082,38,256,30-Jul-20,0,1093,35,215,1159,103,623,505,450,6128,506,31,0,11147,19,47,834,13,53,1203,510,121,1156,14,Confirmed,1811,5864,219,54968,0,3705,199,2434
0,4618,150,1248,1169,36,285,30-Jul-20,0,1091,17,221,879,55,920,115,520,3793,794,14,0,8860,3,19,723,19,30,807,296,84,922,16,Recovered,821,5295,284,37425,0,996,185,2140
1,68,0,2,12,0,1,30-Jul-20,0,29,0,3,22,0,4,4,17,83,2,1,0,266,0,3,13,0,0,10,9,1,13,0,Deceased,13,100,0,784,0,57,4,46
78,10376,107,1862,2986,35,336,31-Jul-20,0,1195,46,209,1153,58,711,915,490,5483,1310,26,0,10320,20,116,838,0,127,1499,663,174,1147,29,Confirmed,1986,5881,274,57486,0,4422,118,2496
13,3840,91,1277,1977,20,309,31-Jul-20,0,1206,41,206,833,72,887,167,375,3094,864,1,0,7543,5,17,614,13,10,772,225,142,614,17,Recovered,816,5778,365,36554,0,2060,172,2118
2,68,0,4,13,1,3,31-Jul-20,0,27,0,3,22,0,4,3,12,84,3,0,0,265,0,1,10,0,0,9,16,1,13,0,Deceased,14,94,0,764,0,43,4,45
88,9276,83,1457,3521,28,235,01-Aug-20,0,1118,45,280,1136,70,793,790,613,5172,1129,58,0,9601,33,135,808,5,138,1602,944,134,1160,11,Confirmed,2083,5879,252,55117,0,3587,264,2589
12,12750,51,1085,1823,16,380,01-Aug-20,0,1201,30,227,875,43,853,170,654,3860,752,13,0,10725,37,10,698,6,5,756,341,98,823,38,Recovered,1114,7010,136,51368,0,2471,162,2143
2,58,0,3,14,3,1,01-Aug-20,0,26,0,3,24,0,7,8,11,98,8,0,0,322,0,1,9,0,0,11,19,2,14,0,Deceased,11,99,2,854,0,47,3,48
98,8555,24,1178,2762,38,181,02-Aug-20,0,961,55,337,1101,69,761,455,444,5532,1169,4,0,9509,18,75,921,57,104,1434,790,200,1167,8,Confirmed,1891,5875,141,52672,0,3873,146,2739
16,6272,27,942,1164,15,381,02-Aug-20,0,1186,49,230,805,57,610,169,256,4077,688,0,0,9926,12,38,581,5,8,681,391,111,548,20,Recovered,1088,5517,142,40355,0,2023,107,2213
1,67,0,4,10,1,3,02-Aug-20,0,15,0,5,22,0,5,4,8,84,1,0,0,260,0,1,10,0,0,11,18,1,12,0,Deceased,10,98,4,760,0,53,3,49
96,7822,60,2371,2297,43,212,03-Aug-20,0,805,35,286,1009,115,654,941,590,4752,961,19,0,8968,28,89,750,26,194,1384,674,176,1145,30,Confirmed,983,5609,0,50488,0,4441,207,2716
21,5786,67,1044,1871,8,265,03-Aug-20,0,937,62,208,974,99,780,112,905,4775,815,1,0,10221,0,29,549,8,9,1119,416,102,835,8,Recovered,1019,5800,0,43070,0,2036,101,2088
2,63,0,4,14,0,3,03-Aug-20,0,17,0,3,22,0,7,7,11,98,2,0,0,266,0,0,14,0,0,12,19,4,13,0,Deceased,11,109,0,806,0,48,4,53
98,9747,32,2886,2464,46,382,04-Aug-20,0,674,43,259,1020,61,623,570,390,6259,1083,49,0,7760,15,98,797,6,276,1384,488,165,1124,95,Confirmed,1286,5063,131,51282,0,2948,208,2752
14,6953,42,993,2252,9,357,04-Aug-20,0,972,54,238,898,52,756,405,824,6772,1021,18,0,12326,66,48,1315,16,2,1409,609,126,781,2,Recovered,1066,6501,70,51220,0,1878,309,2066
2,67,0,6,13,1,8,04-Aug-20,0,12,0,4,25,0,8,4,10,110,3,0,0,300,0,0,12,0,0,10,20,2,13,0,Deceased,12,108,1,849,0,39,5,54
99,10128,65,2284,2701,64,295,05-Aug-20,0,1076,45,348,1073,37,752,978,559,5619,1195,58,0,10309,22,75,652,3,93,1337,841,286,1166,17,Confirmed,2012,5175,122,56626,0,4078,246,2816
49,8729,105,1471,1610,0,258,05-Aug-20,0,890,41,173,1046,52,734,627,388,5407,1234,37,0,6165,9,48,650,4,26,1255,452,131,1017,4,Recovered,1139,6031,50,45583,0,3287,386,2078
2,77,0,6,20,0,2,05-Aug-20,0,11,0,4,23,0,7,7,9,100,7,0,0,334,0,0,17,0,2,11,29,7,13,0,Deceased,13,112,2,919,0,40,3,61
96,10328,93,2372,3416,57,523,06-Aug-20,0,1299,43,191,1034,131,755,708,499,6805,1298,3,0,11514,51,124,830,33,82,1699,1035,188,1151,29,Confirmed,2092,5684,98,62170,0,4586,369,2954
29,8516,35,1332,1450,62,217,06-Aug-20,0,1008,36,166,917,103,680,768,464,5602,800,13,0,10854,6,43,838,2,134,1150,716,140,1282,50,Recovered,1289,6272,68,50141,0,2844,194,2061
2,72,0,5,19,0,6,06-Aug-20,0,15,0,2,27,0,3,9,10,93,3,0,0,316,0,1,17,0,0,11,26,5,12,0,Deceased,13,110,1,899,0,61,4,56
99,10171,101,2679,3646,47,388,07-Aug-20,0,1192,44,333,1074,103,751,726,473,6670,1251,19,0,10483,16,249,734,21,77,1833,1039,241,1161,25,Confirmed,2207,5880,128,61455,0,4404,278,2912
70,7594,81,1585,2445,43,231,07-Aug-20,0,1108,41,142,1370,89,804,897,510,3951,814,17,0,10906,66,21,719,0,5,1810,381,106,1064,53,Recovered,1136,6488,67,50387,0,3432,304,2037
3,89,0,6,12,3,10,07-Aug-20,0,23,0,4,22,0,9,6,13,100,5,2,0,300,0,2,16,0,1,12,22,5,10,0,Deceased,12,119,5,936,0,63,10,52
129,10080,68,2218,3992,52,447,08-Aug-20,0,1404,51,259,1101,114,789,986,463,7178,1420,25,0,12822,17,169,859,8,31,1643,998,261,1171,6,Confirmed,2256,5883,146,65156,0,4660,501,2949
75,9151,104,1782,2408,52,263,08-Aug-20,0,1130,51,207,1135,127,587,834,449,5006,1715,20,0,11081,12,1,732,8,69,1544,820,140,968,11,Recovered,1091,5043,224,52135,0,2999,232,2064
1,97,0,8,19,1,3,08-Aug-20,0,16,0,2,23,0,7,9,10,93,4,0,0,275,1,1,15,0,0,15,23,5,11,0,Deceased,14,118,1,875,0,47,5,51
139,10820,38,1123,3934,89,293,09-Aug-20,0,1300,45,506,1078,107,792,688,507,5985,1211,49,0,12248,39,118,868,41,93,1734,975,259,1169,6,Confirmed,1982,5994,147,62117,0,4571,230,2939
148,9097,52,1734,2642,32,227,09-Aug-20,0,1225,28,193,1311,100,750,673,336,4670,970,8,0,13348,67,117,667,2,11,1543,459,147,1072,80,Recovered,1669,6020,92,54474,0,2817,171,1996
0,97,0,5,10,1,6,09-Aug-20,0,13,0,3,25,1,9,17,13,107,2,0,0,390,0,0,19,0,1,14,24,7,11,0,Deceased,12,119,4,1013,0,41,8,54
135,7665,76,2900,3021,80,477,10-Aug-20,0,707,62,317,1056,92,794,630,470,4267,1184,29,0,9181,53,100,866,12,230,1528,986,242,1173,44,Confirmed,1256,5914,62,53016,0,4113,389,2905
61,6924,110,1261,2824,100,208,10-Aug-20,0,1070,50,213,1138,24,711,750,372,5218,784,15,0,6711,8,78,654,25,69,1236,416,154,825,13,Recovered,1587,6037,267,47362,0,4074,167,3208
0,80,0,6,21,0,3,10-Aug-20,0,20,0,5,20,2,6,12,6,114,7,0,0,293,0,0,19,0,0,16,18,2,11,0,Deceased,10,114,1,887,0,51,9,41
139,9024,96,2669,4071,75,360,11-Aug-20,0,1257,39,415,1118,34,798,683,564,6257,1417,53,0,11088,27,88,843,3,20,1341,1000,276,1217,3,Confirmed,1896,5834,164,61252,0,5041,411,2931
40,9113,42,1487,2900,11,222,11-Aug-20,0,727,41,272,1140,68,590,807,604,6473,1426,18,0,10014,12,33,922,0,12,1785,1055,177,1339,24,Recovered,1788,6005,213,56461,0,3865,169,3067
1,87,0,4,15,1,5,11-Aug-20,0,8,0,6,23,1,11,5,12,86,5,0,0,256,0,1,18,0,-1,12,32,2,11,0,Deceased,8,118,1,835,0,56,2,49
136,9597,103,4593,3741,81,567,12-Aug-20,0,1113,39,480,1152,139,797,788,482,7883,1212,41,0,12712,37,41,870,25,87,1876,1020,481,1213,17,Confirmed,1897,5871,110,67066,0,4475,454,2936
80,6676,25,2136,3029,8,269,12-Aug-20,0,1021,35,161,977,89,612,1642,544,7034,880,19,0,13408,7,76,643,7,128,1673,422,144,1249,16,Recovered,1920,5633,182,57759,0,4072,217,2725
0,93,0,6,9,1,5,12-Aug-20,0,14,0,3,18,0,3,8,8,113,6,0,0,344,0,0,15,0,0,9,39,5,11,0,Deceased,9,119,0,950,0,54,4,54
137,9996,82,2796,3906,91,478,13-Aug-20,0,956,46,570,1092,180,793,693,536,6706,1564,38,0,11813,14,130,1014,1,50,1981,1027,299,1314,1,Confirmed,1931,5835,121,64141,0,4537,416,2997
95,9499,59,2174,2439,53,150,13-Aug-20,0,913,38,271,1046,73,792,816,779,8609,766,8,0,9115,30,64,596,13,26,1422,627,152,171,31,Recovered,1780,5146,74,54776,0,4125,327,2497
1,82,1,8,10,1,8,13-Aug-20,0,14,0,2,18,1,8,7,11,103,3,0,0,413,0,1,17,0,0,9,31,6,11,0,Deceased,11,119,1,1006,0,50,3,56
149,8943,95,2706,3911,86,529,14-Aug-20,0,1192,41,476,1087,58,797,1175,540,7908,1569,30,0,12608,35,86,796,8,154,1977,1077,315,1278,149,Confirmed,1921,5890,164,65610,0,4512,313,3035
108,9779,32,2310,2800,15,199,14-Aug-20,0,790,31,245,1083,116,862,665,640,6940,1304,21,0,10484,34,65,570,4,59,1305,489,181,2078,42,Recovered,1210,5556,103,56920,0,3740,488,2572
2,97,1,6,16,0,13,14-Aug-20,0,11,0,2,15,0,7,15,11,104,10,0,0,364,0,0,16,0,0,10,25,4,13,0,Deceased,9,117,2,989,0,55,4,60
120,8732,51,1057,3536,81,486,15-Aug-20,0,1276,64,369,1094,119,796,547,532,8818,1608,30,0,12020,64,192,1019,56,18,2496,1028,359,1287,68,Confirmed,1863,5860,167,63986,0,4774,325,3074
96,10414,21,1593,3368,27,189,15-Aug-20,0,1143,72,331,1015,81,591,503,734,6629,803,4,0,6844,15,78,948,9,123,1521,535,215,1357,38,Recovered,1912,5236,73,53116,0,3705,246,2647
0,87,0,7,15,0,4,15-Aug-20,0,10,0,5,19,0,10,5,7,114,7,1,0,322,0,0,13,0,0,9,40,0,16,0,Deceased,10,127,4,952,0,58,4,58
93,8012,43,1317,2187,93,576,16-Aug-20,0,652,35,300,1120,163,743,552,449,7040,1530,39,0,11111,82,179,1022,64,54,2924,1165,378,1317,19,Confirmed,1102,5950,127,58096,0,4357,235,3066
98,10117,37,1929,3891,19,189,16-Aug-20,0,1310,47,287,959,88,662,566,267,6680,1099,49,0,8837,79,194,685,15,101,1550,568,219,1350,12,Recovered,1930,6019,63,57404,0,4201,352,2935
4,88,0,7,22,1,8,16-Aug-20,0,8,0,6,20,0,10,15,15,116,10,4,0,288,0,3,11,0,0,10,41,4,14,0,Deceased,9,125,5,952,0,56,1,51
46,6780,40,2792,2525,114,404,17-Aug-20,0,787,27,355,1033,18,887,843,422,6317,1725,18,0,8493,44,118,930,12,61,2244,1489,297,1334,20,Confirmed,894,5890,143,54298,0,3798,318,3080
99,7866,85,1519,4140,46,363,17-Aug-20,0,740,49,283,1083,114,1009,601,353,7071,1131,12,0,11391,4,102,987,1,108,1503,749,184,1050,28,Recovered,2006,5667,135,58172,0,4376,385,2932
1,82,0,8,5,1,8,17-Aug-20,0,18,0,7,15,0,12,11,6,115,13,0,0,228,0,1,23,0,0,10,50,4,11,0,Deceased,10,120,4,880,0,66,6,45
84,9652,134,2534,3257,89,808,18-Aug-20,0,1374,51,339,1126,61,896,1241,434,7665,1758,44,0,11119,39,78,990,26,65,2239,1705,367,1347,20,Confirmed,1682,5709,205,64999,0,4218,468,3175
96,9211,56,1560,4034,60,249,18-Aug-20,0,1146,39,298,1131,89,688,361,590,8387,1365,27,0,9356,6,55,688,7,134,1535,1582,282,1306,54,Recovered,2070,5850,118,60455,0,4799,239,2987
1,88,0,6,16,0,8,18-Aug-20,0,12,0,5,20,0,7,10,13,139,6,3,0,422,0,1,13,0,0,9,36,9,11,1,Deceased,8,121,3,1099,0,70,6,55
75,9742,75,2116,2884,91,752,19-Aug-20,0,1398,37,342,1145,176,994,967,708,8642,2333,38,0,13165,78,111,976,45,38,2589,1683,356,1312,25,Confirmed,1763,5795,236,69196,0,5076,264,3169
108,8061,73,2054,3838,108,338,19-Aug-20,0,1320,48,357,1120,69,758,857,611,7201,1217,2,0,9011,40,96,762,5,42,1621,941,403,1003,34,Recovered,1789,6384,93,59365,0,5620,408,2973
0,86,0,10,10,1,6,19-Aug-20,0,9,0,8,17,2,10,13,11,126,7,1,0,346,0,0,18,0,0,10,22,6,12,1,Deceased,8,116,3,979,0,53,14,53
76,9393,116,1735,2451,119,1052,20-Aug-20,0,1215,34,424,1175,127,996,638,683,7385,1968,29,0,14647,126,49,1142,14,25,2898,1741,540,1330,58,Confirmed,1724,5986,190,68518,0,4824,411,3197
109,8846,71,2772,3585,39,554,20-Aug-20,0,1059,46,350,1123,93,737,754,728,6231,1217,39,0,12243,5,117,1065,18,215,1641,334,322,1227,38,Recovered,1195,5742,68,61873,0,5863,301,3126
1,95,0,8,6,0,8,20-Aug-20,0,22,0,2,16,2,11,8,6,102,9,0,0,326,0,0,12,0,0,8,37,8,11,0,Deceased,10,116,0,981,0,95,9,53
67,9544,60,1856,2461,116,873,21-Aug-20,0,1250,53,385,1204,190,1203,1258,654,7571,1983,56,0,14161,57,124,1147,21,36,2698,1503,302,1335,46,Confirmed,1457,5995,256,68519,0,4905,447,3245
106,8827,32,2476,3678,36,283,21-Aug-20,0,1082,39,477,1324,149,620,1052,580,6561,1419,13,0,11749,19,259,987,18,153,1927,856,300,1306,7,Recovered,1781,5764,86,62858,0,5567,243,3082
1,91,0,6,14,2,8,21-Aug-20,0,13,0,9,14,2,7,11,15,93,12,1,0,339,0,2,14,0,0,10,34,6,12,0,Deceased,8,101,4,953,0,64,5,55
61,10276,97,1560,2238,145,704,22-Aug-20,0,1412,40,306,1212,167,1161,907,610,7330,2172,77,0,14492,93,83,1226,8,16,2819,1316,518,1310,45,Confirmed,2474,5980,280,70067,0,5217,483,3232
109,8593,103,2045,3531,45,372,22-Aug-20,0,1230,50,479,980,107,600,814,593,7626,1292,20,0,9241,20,194,872,1,92,1773,409,373,1648,37,Recovered,1768,5603,410,59101,0,4638,345,3088
0,97,0,7,13,0,10,22-Aug-20,0,14,0,5,14,4,12,13,15,93,15,2,0,297,1,2,21,0,1,9,45,8,11,0,Deceased,7,80,1,918,0,70,3,48
52,7895,40,1272,2247,142,704,23-Aug-20,0,1450,36,209,1101,106,1096,1075,666,5938,1908,69,0,10441,106,114,1263,15,51,2993,1136,410,1345,22,Confirmed,2384,5975,331,61749,0,5325,558,3274
110,7449,69,3259,3082,21,537,23-Aug-20,0,1250,42,453,972,120,809,950,434,4996,1110,22,0,8157,7,161,991,38,128,2129,2226,350,1180,0,Recovered,1851,6047,121,56896,0,4318,459,3048
1,93,0,8,9,4,7,23-Aug-20,0,16,0,4,14,0,6,8,9,68,5,2,0,258,1,0,23,0,0,10,50,8,11,0,Deceased,11,97,2,846,0,59,5,57
44,8601,49,1879,1227,117,1136,24-Aug-20,0,1061,18,139,1067,100,1074,940,428,5851,1242,51,0,11015,59,116,1292,0,28,2949,1505,337,1346,43,Confirmed,1842,5967,200,59696,0,4601,405,2967
129,8741,130,2190,2908,154,493,24-Aug-20,0,1200,39,437,1021,123,583,889,373,8061,1238,26,0,14219,13,97,841,2,102,2519,1829,285,1276,63,Recovered,1825,6129,159,66305,0,4494,432,3285
2,86,0,10,17,0,9,24-Aug-20,0,13,0,4,13,0,10,17,7,127,11,0,0,212,0,0,17,0,0,10,43,5,12,0,Deceased,6,97,1,854,0,61,7,57
41,9927,100,1973,1444,174,1287,25-Aug-20,0,1544,21,392,1096,53,1148,1056,701,8161,2375,90,0,10425,42,82,1379,35,38,2752,1293,567,1370,29,Confirmed,2579,5951,293,66873,0,5006,485,2964
139,9419,81,1724,3169,67,308,25-Aug-20,0,1155,33,315,1011,164,1091,725,389,6814,1456,32,0,12300,43,99,1079,3,215,2545,788,331,1526,120,Recovered,1752,6998,73,64151,0,4647,289,3251
2,92,0,8,17,3,15,25-Aug-20,0,17,0,9,20,1,10,12,14,148,10,1,0,329,0,2,19,0,0,9,49,8,13,0,Deceased,9,107,6,1066,0,72,6,58
40,10830,143,2179,2163,167,1209,26-Aug-20,0,1693,22,497,1197,167,1397,1137,704,8580,2476,31,0,14888,32,141,1064,14,26,3371,1513,504,1345,11,Confirmed,3018,5958,329,75995,0,5640,535,2974
78,8473,55,2148,2234,87,413,26-Aug-20,0,1154,41,287,1047,62,1117,736,599,7249,1351,31,0,7637,42,17,936,9,0,3343,1086,213,1453,22,Recovered,1060,5606,160,56191,0,3808,323,3314
4,81,0,14,9,1,10,26-Aug-20,0,17,0,8,17,2,11,15,19,133,13,1,0,295,0,1,17,0,0,13,41,8,12,0,Deceased,10,118,4,1017,0,82,6,55
33,10621,78,2036,1860,188,1438,27-Aug-20,0,1840,42,456,1190,180,1293,1365,655,9386,2406,41,0,14857,80,140,1317,7,6,3384,1746,504,1345,56,Confirmed,2795,5981,385,76827,0,5391,728,2997
65,8528,58,2345,2931,177,462,27-Aug-20,0,1130,56,356,1193,198,1077,633,528,7866,2067,60,0,9136,25,128,1207,27,124,2510,741,275,1006,75,Recovered,872,5870,123,59620,0,4331,251,3189
1,92,0,4,9,2,14,27-Aug-20,0,22,0,6,17,1,12,15,14,141,10,2,0,355,1,0,24,0,0,7,37,10,13,0,Deceased,8,109,2,1066,0,76,9,53
32,10526,112,2560,1998,160,1245,28-Aug-20,0,1808,31,523,1272,136,1298,1137,696,8960,2543,48,0,14427,110,118,1252,29,21,3682,1542,590,1355,34,Confirmed,2932,5996,509,76657,0,5405,588,2982
70,8463,88,1763,2749,130,502,28-Aug-20,0,1446,47,429,1050,141,1020,1019,651,7464,2097,74,0,11607,59,100,943,14,115,2503,2036,319,1448,33,Recovered,1580,5752,142,64475,0,4986,349,3286
0,81,2,8,12,2,6,28-Aug-20,0,20,0,4,14,0,15,12,7,136,7,1,0,331,1,2,17,0,0,8,51,9,12,0,Deceased,11,102,4,1019,0,77,11,56
31,10548,132,2427,2087,261,1513,29-Aug-20,0,1954,15,547,1282,144,1391,1299,546,8324,2397,63,0,16286,43,117,1442,0,46,3252,1470,532,1407,26,Confirmed,2751,6352,443,78479,0,5633,706,3012
75,8976,45,1440,2629,141,709,29-Aug-20,0,1449,29,433,1111,117,1001,1078,648,8110,2225,31,0,11541,77,129,1017,70,58,2888,1083,431,938,11,Recovered,1675,6045,198,64982,0,4862,400,3312
2,82,0,3,5,0,11,29-Aug-20,0,15,0,3,13,1,9,9,7,115,6,4,0,328,0,1,22,0,0,14,41,12,13,0,Deceased,9,87,5,943,0,62,11,53
23,10603,157,1980,2078,170,1346,30-Aug-20,0,2024,32,451,1272,164,1295,1323,786,8852,2154,35,0,16408,60,152,1558,5,71,3014,1678,571,1450,25,Confirmed,2924,6495,447,79461,0,6175,664,3019
67,9067,68,1417,2231,48,485,30-Aug-20,0,1249,53,457,1095,142,909,1232,490,7101,1766,12,0,7690,14,53,1054,5,109,2519,1656,457,2122,25,Recovered,1638,6406,195,60422,0,4802,480,3308
1,88,0,7,9,7,7,30-Aug-20,0,22,0,5,17,1,12,12,9,106,7,2,0,296,0,0,29,0,0,12,56,10,13,0,Deceased,10,94,4,960,0,67,7,50
28,10004,78,3266,1324,191,1411,31-Aug-20,0,1358,27,414,1280,171,1450,3221,535,6495,1530,43,0,11852,25,140,1532,3,28,2602,1466,284,1466,25,Confirmed,1873,5956,321,68766,0,4782,592,2993
61,8772,63,1531,2267,135,686,31-Aug-20,0,1507,39,391,1025,65,1052,695,505,7238,1693,117,0,11158,113,91,1190,0,41,4053,1280,366,1719,5,Recovered,1849,6008,201,64435,0,4597,604,3318
1,85,0,10,6,4,8,31-Aug-20,0,18,0,9,14,3,7,7,9,113,7,0,0,184,0,0,20,0,0,10,49,7,13,0,Deceased,9,91,5,816,0,63,12,52
28,10368,100,2684,1928,204,1884,01-Sep-20,0,2312,19,588,1310,139,1694,2177,525,9058,1140,52,0,15765,72,130,1525,1,53,3025,1516,355,1470,18,Confirmed,2734,5928,509,78168,0,5343,571,2943
67,9350,94,1434,2029,120,578,01-Sep-20,0,1050,41,273,1131,173,1163,1006,469,5159,2111,104,0,10978,73,120,1335,21,133,3484,1120,341,1312,12,Recovered,2325,6031,221,62145,0,4537,404,3346
0,84,0,9,15,1,10,01-Sep-20,0,18,0,2,14,4,17,11,14,0,4,1,0,320,2,1,32,0,0,11,59,12,13,1,Deceased,9,96,10,892,0,56,11,55
26,10392,148,3555,1969,239,2296,02-Sep-20,0,2509,44,636,1305,161,1792,1029,641,9860,1547,52,0,17433,77,125,1424,8,14,3219,1481,391,1511,34,Confirmed,2892,5990,566,82860,0,5682,836,2976
44,8454,96,1834,1803,119,653,02-Sep-20,0,1858,17,209,1141,69,1040,1598,595,6287,2129,29,0,13959,83,157,1132,49,22,3303,1595,293,2550,23,Recovered,2240,5891,193,67874,0,4687,425,3297
1,72,0,8,13,2,12,02-Sep-20,0,19,0,10,12,1,15,10,15,0,7,0,0,292,1,0,27,0,0,11,106,13,12,0,Deceased,10,98,5,913,0,74,11,56
37,10199,214,3054,1922,276,2284,03-Sep-20,0,2737,29,713,1325,199,1881,1618,1079,8865,1553,55,0,18105,109,102,1672,20,49,3631,1526,424,1553,34,Confirmed,2817,5892,590,84156,0,5662,946,2984
65,9499,92,1971,1572,213,730,03-Sep-20,0,1528,20,302,1126,98,1014,1139,680,7122,1950,32,0,13988,75,167,1091,10,101,3278,1529,311,546,44,Recovered,2611,6110,186,67491,0,4448,508,3335
1,75,1,7,6,4,16,03-Sep-20,0,19,0,8,16,5,19,6,11,0,10,0,0,391,0,3,30,0,0,8,72,7,14,1,Deceased,10,92,8,979,0,75,9,55
34,10776,201,2891,1978,203,2667,04-Sep-20,0,2914,51,508,1320,215,1884,1559,1047,9280,2479,95,0,19218,108,90,1658,6,41,3267,1498,591,1570,105,Confirmed,2478,5976,524,87115,0,6074,831,2978
40,12334,113,2020,1435,222,658,04-Sep-20,0,1751,43,386,1218,107,1282,1157,676,6161,2716,46,0,13289,75,125,1042,12,37,2980,1272,395,679,17,Recovered,2011,6334,179,69625,0,5006,502,3305
1,76,0,15,13,5,22,04-Sep-20,0,13,0,8,14,2,19,3,12,0,11,0,0,378,1,3,30,0,0,9,49,20,13,0,Deceased,10,79,3,950,0,71,12,58
35,10825,139,2698,1727,234,2529,05-Sep-20,0,2973,21,592,1311,188,2289,1758,1251,9746,2655,61,0,20800,182,184,1636,16,21,3543,1514,394,1566,58,Confirmed,2511,5870,691,90600,0,6590,950,3042
41,11941,101,2343,1965,185,879,05-Sep-20,0,1920,28,534,1148,21,1409,2287,489,9102,2111,42,0,10801,59,76,1392,32,68,3443,1306,433,1346,26,Recovered,2579,5859,271,73161,0,5141,535,3248
1,71,0,7,9,1,19,05-Sep-20,0,25,0,9,16,4,22,15,15,0,11,0,0,312,1,1,30,0,0,7,69,18,14,0,Deceased,11,64,7,916,0,81,18,58
40,10794,86,1537,1797,261,2100,06-Sep-20,0,3256,36,374,1335,397,2277,1266,1316,9319,3082,40,0,23350,89,139,1694,31,50,3810,1946,466,1593,9,Confirmed,2574,5783,603,91723,0,6518,668,3087
47,11915,91,1763,1924,149,711,06-Sep-20,0,2188,21,558,1212,197,1471,1854,403,9575,2196,24,0,7826,29,189,1238,19,77,2590,1606,525,1616,24,Recovered,2927,5820,262,69624,0,4779,591,3207
0,70,0,8,4,2,24,06-Sep-20,0,29,0,7,14,1,25,7,14,95,10,0,0,328,1,2,29,0,0,8,54,16,15,0,Deceased,9,85,8,1005,0,77,11,52
27,8368,180,2785,1369,232,2017,07-Sep-20,0,2077,22,344,1330,245,2224,1557,1013,5773,1648,28,0,16429,29,84,1885,21,42,3861,2110,284,1580,29,Confirmed,1802,5776,399,75022,0,5568,807,3077
46,10055,124,2250,1845,295,979,07-Sep-20,0,2411,27,588,1276,221,1560,1366,433,7897,2246,60,0,14922,4,194,1022,0,178,3034,1565,503,1566,25,Recovered,2711,5930,303,74123,0,4993,473,3021
0,70,0,10,7,3,15,07-Sep-20,0,32,0,9,15,1,23,13,17,141,12,0,0,423,1,0,17,0,0,10,61,11,14,0,Deceased,9,89,5,1129,0,56,7,58
33,10601,221,2578,1667,377,2834,08-Sep-20,0,3609,24,457,1295,171,2286,2676,1355,7866,3026,38,0,20131,42,96,1864,9,25,3490,1964,433,1590,19,Confirmed,2392,5684,628,89852,0,6622,658,3091
38,11691,127,2166,1944,226,615,08-Sep-20,0,1756,31,448,1445,85,1704,1812,491,7803,1862,77,0,13234,156,126,1600,13,54,2787,2307,446,1445,17,Recovered,2346,6599,294,74607,0,5439,427,2996
0,73,1,8,4,1,12,08-Sep-20,0,19,0,11,13,4,25,14,14,146,13,0,0,380,0,1,20,0,0,13,67,12,13,2,Deceased,11,87,3,1107,0,71,12,57
34,10418,144,2243,1498,332,2818,09-Sep-20,0,4039,19,621,1329,316,2294,1601,1617,9540,3402,40,0,23577,121,160,1869,69,130,3748,2137,335,1610,31,Confirmed,2479,5584,582,95529,0,6568,1117,3107
43,9842,183,2265,1702,180,1146,09-Sep-20,0,2623,19,281,1336,142,1828,1297,620,6860,2058,41,0,13906,107,64,1341,5,48,3110,1231,386,1578,16,Recovered,2485,6516,311,73057,0,5731,789,2967
1,74,0,18,10,2,70,09-Sep-20,0,20,0,6,16,3,28,16,17,128,12,0,0,380,2,1,31,0,0,11,71,10,14,0,Deceased,10,78,9,1168,0,65,12,53
39,10175,127,2739,1543,283,2748,10-Sep-20,0,4308,26,639,1332,319,2591,1182,1592,9217,3349,35,0,23446,99,108,2187,141,261,3991,2459,452,1640,20,Confirmed,2534,5528,535,96760,0,6988,1015,3112
43,10040,99,2197,1480,191,1917,10-Sep-20,0,2637,24,436,1415,80,1562,1456,344,7021,1657,37,0,14253,19,245,1435,0,5,2706,1348,422,1032,41,Recovered,2071,6185,340,70899,0,4605,521,3035
0,68,0,18,10,3,16,10-Sep-20,0,28,0,6,15,3,25,5,13,129,12,1,0,495,1,4,21,0,0,11,88,6,14,0,Deceased,11,64,6,1213,0,94,5,41
29,9999,153,2534,1710,305,2963,11-Sep-20,0,4266,24,555,1344,318,2388,961,1578,9464,2988,51,0,24886,151,109,2240,20,310,3996,2473,490,1660,17,Confirmed,2426,5519,559,97654,0,7016,995,3157
36,11069,121,2628,2187,269,1268,11-Sep-20,0,2754,38,473,1240,158,1820,1213,474,12545,1326,21,0,14308,47,209,1651,40,10,4061,1402,394,1488,16,Recovered,2324,6006,262,81455,0,5936,645,3016
0,77,1,16,12,3,25,11-Sep-20,0,21,0,8,16,5,25,15,9,130,14,2,0,442,4,0,30,0,0,14,63,12,15,4,Deceased,13,77,5,1202,0,76,11,57
27,9901,136,2132,1421,250,3120,12-Sep-20,0,4321,24,740,1365,445,2783,1420,1698,9140,2885,66,0,22084,168,152,2347,26,118,3777,2441,419,1669,29,Confirmed,2278,5495,470,94409,0,6786,1115,3161
45,10292,127,2553,1700,264,855,12-Sep-20,0,3141,28,511,1335,123,2188,1746,596,9557,1944,27,0,13489,131,100,1462,33,31,3217,2077,445,932,17,Recovered,2458,6227,479,77860,0,6085,603,3042
0,67,0,23,11,6,21,12-Sep-20,0,28,0,10,15,2,24,10,10,94,15,1,0,391,1,1,37,0,0,11,76,5,14,2,Deceased,10,76,10,1111,0,67,14,59
25,9536,160,1292,1523,449,2228,13-Sep-20,0,4235,15,407,1326,326,2526,1014,1686,9894,0,51,0,22313,109,144,2281,35,19,3913,2622,388,1703,0,Confirmed,2216,5693,629,89815,0,6205,1637,3215
41,10131,126,2251,1895,306,3953,13-Sep-20,0,3403,42,553,1205,152,1874,1509,452,8402,0,22,0,11549,55,89,1600,7,61,3363,2151,342,1616,0,Recovered,2603,5717,398,75889,0,5958,1009,3054
0,66,0,0,14,1,16,13-Sep-20,0,29,0,4,15,4,19,13,14,104,0,1,0,416,1,1,34,0,0,10,68,15,15,0,Deceased,11,74,12,1107,0,80,12,58
